timestamp,dataset,query_type,query_index,query_hash,num_tables,num_joins,query_depth,complexity_score,has_aggregates,has_group_by,has_order_by,has_limit,has_distinct,has_window_functions,has_outer_joins,estimated_join_complexity,has_subqueries,has_correlated_subqueries,has_large_tables,all_tables_small,has_complex_expressions,has_user_functions,has_text_operations,has_numeric_heavy_ops,num_aggregate_funcs,analytical_pattern,transactional_pattern,etl_pattern,command_type,postgres_time_ms,duckdb_time_ms,log_time_difference,optimal_engine,speedup_ratio
2025-09-12T12:30:33.406455,tpch_sf1,AP,2,903797,1,0,3,6,True,True,True,False,False,False,False,0,False,False,False,True,False,False,True,True,2,True,False,False,1,1579.924778023269,1838.469290989451,-0.1515560812637181,postgres,1.1636435585810998
2025-09-12T12:41:59.338338,tpch_sf1,AP,0,726882,7,6,3,34,True,False,False,False,False,False,True,6,False,False,True,False,False,False,False,False,1,False,False,True,1,170.82528001628816,145.288227009587,0.16192173797026815,duckdb,1.1757682197127788
2025-09-12T12:41:59.342069,tpch_sf1,AP,1,611467,1,0,4,8,True,True,True,False,False,False,False,0,False,False,False,True,False,False,False,True,3,True,False,False,1,0.40740001713857055,1.1674370034597814,-1.0527704837336782,postgres,2.8655791712023824
2025-09-12T12:42:00.797244,tpch_sf1,AP,4,477310,2,1,5,15,True,False,True,False,False,False,False,1,False,False,False,True,False,False,True,True,4,False,False,False,1,0.3242800012230873,1450.4180829972029,-8.405755062047069,postgres,4472.733679310038
2025-09-12T12:42:00.913762,tpch_sf1,TP,0,15360,1,0,1,2,False,False,True,True,False,False,False,0,False,False,False,True,False,False,False,False,0,False,True,False,1,28.275765012949705,74.31579503463581,-0.966318435918331,postgres,2.6282505531008886
2025-09-12T12:42:00.926101,tpch_sf1,TP,2,431546,1,0,1,2,False,False,False,True,False,False,False,0,False,False,False,True,False,False,False,False,0,False,True,False,1,0.3129440010525286,9.668250975664705,-3.430578436747146,postgres,30.894508100961676
2025-09-12T12:42:00.950832,tpch_sf1,TP,3,173400,3,2,1,12,False,False,False,True,False,False,False,2,False,False,False,False,False,False,False,False,0,False,False,False,1,0.3791989875026047,22.627182013820857,-4.088846106228421,postgres,59.67099797086201
2025-09-12T13:27:32.947846,tpch_sf1,AP,3,129108,2,1,6,13,True,True,False,False,False,False,False,1,False,False,False,True,False,False,True,False,3,True,False,False,1,0.4294309765100479,43.31648797960952,-4.613827604361565,postgres,100.86950022012674
2025-09-12T13:27:33.964074,tpch_sf1,AP,5,779061,2,1,3,11,True,True,False,False,False,False,False,1,False,False,False,True,False,False,False,True,2,True,False,False,1,279.4864720199257,732.6209690072574,-0.9636745818790886,postgres,2.6213110198586853
2025-09-12T13:27:33.995748,tpch_sf1,AP,6,42999,4,3,3,19,True,True,False,True,False,False,False,3,False,False,True,False,False,False,False,False,1,True,False,False,1,0.583307002671063,28.2750929472968,-3.8810229492871264,postgres,48.47377593243402
2025-09-12T13:27:34.016937,tpch_sf1,AP,7,319694,2,1,4,13,True,False,False,False,False,False,False,1,False,False,False,True,False,False,True,True,3,False,False,False,1,0.4149830201640725,19.096735981293023,-3.8290351042730553,postgres,46.01811412366394
2025-09-12T13:29:13.023183,tpch_sf1,AP,14,910091,1,0,3,4,True,False,False,False,False,False,False,0,False,False,False,True,False,False,True,False,1,False,False,False,1,2.2878009476698935,2.164662000723183,0.05532684182879566,duckdb,1.056885992781123
2025-09-12T13:29:13.298838,tpch_sf1,AP,19,460201,1,0,6,12,True,True,False,False,False,False,False,0,False,False,False,True,False,False,False,True,5,True,False,False,1,70.67612098762766,200.16086800023913,-1.0410136186252545,postgres,2.8320862153042987
2025-09-12T13:29:15.588741,tpch_sf1,AP,20,423779,1,0,6,12,True,False,False,True,False,False,False,0,False,False,False,True,False,False,True,False,5,False,False,False,1,606.637392018456,1681.0810680035502,-1.019261122980015,postgres,2.7711464708927895
2025-09-12T13:29:15.641242,tpch_sf1,AP,21,142719,1,0,6,8,True,True,False,False,False,False,False,0,False,False,False,True,False,False,False,True,3,True,False,False,1,30.94854997470975,19.691167981363833,0.4521559380614958,duckdb,1.5716970168554836
2025-09-12T13:29:16.025801,tpch_sf1,AP,22,164168,1,0,5,8,True,True,False,False,False,False,False,0,False,False,False,True,False,False,True,True,3,True,False,False,1,89.94211303070188,292.3612549784593,-1.1788239373341753,postgres,3.250549104607553
2025-09-12T13:30:16.538535,tpch_sf1,AP,26,144182,4,3,5,21,True,False,False,False,False,False,True,3,False,False,True,False,False,False,False,True,2,False,False,False,1,255.68821595516056,240.18717999570072,0.06254025978985998,duckdb,1.0645373161037874
2025-09-12T13:32:51.269391,tpch_sf1,AP,33,479101,3,2,2,12,False,False,False,False,False,False,False,2,False,False,False,False,False,False,False,False,0,False,False,False,1,38.06157101644203,37.24380902713165,0.02171940798048022,duckdb,1.0219569912603368
2025-09-12T13:32:51.276633,tpch_sf1,AP,34,406691,6,5,7,35,True,False,True,False,False,False,True,5,False,False,True,False,False,False,True,True,4,False,False,True,1,0.6344590219669044,4.520732036326081,-1.9636565127720194,postgres,7.125333362446689
2025-09-12T13:32:51.306255,tpch_sf1,AP,35,509310,4,3,6,27,True,True,True,False,False,False,True,3,False,False,True,False,False,False,False,True,5,True,False,False,1,0.4748800420202315,27.103397995233536,-4.044352157260498,postgres,57.07419894912922
2025-09-12T13:32:58.427976,tpch_sf1,AP,37,796182,1,0,5,8,True,True,False,False,False,False,False,0,False,False,False,True,False,False,True,True,3,True,False,False,1,5340.877887036186,1657.2644999832846,1.1702216862562578,duckdb,3.2227069891921625
2025-09-12T13:34:34.618152,tpch_sf1,AP,42,467450,5,4,6,28,True,False,False,False,False,False,False,4,False,False,True,False,False,False,False,True,3,False,False,False,1,1735.4926230036654,1741.201427008491,-0.003284044585728218,postgres,1.0032894429680406
2025-09-12T13:34:35.747669,tpch_sf1,AP,43,820488,1,0,3,2,False,True,False,False,False,False,False,0,False,False,False,True,False,False,False,False,0,False,True,False,1,1000.3289919695817,120.3702730126679,2.1175116163444363,duckdb,8.310432193373076
2025-09-12T13:34:35.777350,tpch_sf1,AP,45,756056,2,1,4,13,True,True,True,False,False,False,False,1,False,False,False,True,False,False,False,True,3,True,False,False,1,0.5873049958609045,25.739998964127153,-3.7802571719252676,postgres,43.82731144044846
2025-09-12T13:34:36.469472,tpch_sf1,AP,49,994724,5,4,6,30,True,True,False,False,False,False,True,4,False,False,True,False,False,False,True,False,4,True,False,False,1,472.151690046303,214.62293301010504,0.7884176227046669,duckdb,2.1999125788858396
2025-09-12T13:35:38.456874,tpch_sf1,AP,51,886605,2,1,4,11,True,True,False,True,False,False,False,1,False,False,False,True,False,False,False,False,2,True,False,False,1,19.91699100472033,20.09609597735107,-0.008952379450662747,postgres,1.0089925718492463
2025-09-12T13:37:13.553830,tpch_sf1,AP,56,962246,4,3,6,21,True,True,False,False,False,False,False,3,False,False,True,False,False,False,True,False,2,True,False,False,1,44.02905597817153,41.31837101886049,0.06354255919171334,duckdb,1.0656048361169346
2025-09-12T13:37:13.627870,tpch_sf1,AP,59,974259,1,0,6,10,True,False,False,False,False,False,False,0,False,False,False,True,False,False,False,True,4,False,False,False,1,24.471031967550516,46.38374497881159,-0.6394590247920418,postgres,1.8954552076233702
2025-09-12T13:37:13.673770,tpch_sf1,AP,61,184852,6,5,4,27,False,False,False,False,False,False,True,5,False,False,True,False,False,False,False,True,0,False,False,True,1,0.9259409853257239,42.00629302067682,-3.814764218001647,postgres,45.3660586218678
2025-09-12T13:37:24.463497,tpch_sf1,AP,63,749753,6,5,5,33,True,True,False,True,False,False,False,5,False,False,True,False,False,False,False,True,3,True,False,True,1,9563.431383983698,1222.4653160083108,2.0570770234408298,duckdb,7.823069709013063
2025-09-12T13:38:58.426490,tpch_sf1,AP,67,770658,2,1,2,9,True,True,True,True,False,False,False,1,False,False,False,True,False,False,False,True,1,True,False,False,1,385.5255600064993,319.8361200047657,0.18679875469633234,duckdb,1.2053846826329522
2025-09-12T13:39:58.908014,tpch_sf1,AP,70,665958,2,1,5,15,True,False,False,False,False,False,False,1,False,False,False,True,False,False,False,False,4,False,False,False,1,216.5508369798772,196.3652620324865,0.09784882600368919,duckdb,1.1027960584191883
2025-09-12T13:39:59.278303,tpch_sf1,AP,71,227081,7,6,3,36,True,True,False,False,False,False,True,6,False,False,True,False,False,False,True,True,2,True,False,True,1,0.7901160279288888,366.82966799708083,-6.140473093928098,postgres,464.2731637258925
2025-09-12T13:41:01.130388,tpch_sf1,AP,75,71562,6,5,7,35,True,True,False,False,False,False,False,5,False,False,True,False,False,False,False,True,4,True,False,True,1,970.9218930220231,862.4254539608955,0.11849731034578048,duckdb,1.1258038460748483
2025-09-12T13:42:06.886785,tpch_sf1,AP,79,143657,2,1,5,13,True,True,False,False,False,False,False,1,False,False,False,True,False,False,False,True,3,True,False,False,1,23.47347402246669,23.935563047416508,-0.0194943279740104,postgres,1.019685583161127
2025-09-12T13:43:10.114735,tpch_sf1,AP,89,584522,6,5,4,33,True,True,True,False,False,False,True,5,False,False,True,False,False,False,True,True,3,True,False,True,1,99.26245803944767,97.11033297935501,0.02191964800932404,duckdb,1.0221616484473406
2025-09-12T13:43:10.179090,tpch_sf1,AP,91,101910,6,5,5,33,True,True,True,False,False,False,False,5,False,False,True,False,False,False,True,True,3,True,False,True,1,0.6185380043461919,60.65089802723378,-4.585531085040026,postgres,98.05524899208594
2025-09-12T13:44:14.354846,tpch_sf1,AP,94,581060,6,5,5,33,True,False,False,False,False,False,True,5,False,False,True,False,False,False,False,False,3,False,False,True,1,234.40569901140407,225.69103102432564,0.03788642604525662,duckdb,1.0386132667635302
2025-09-12T13:44:14.414509,tpch_sf1,AP,95,574550,7,6,5,38,True,True,False,False,False,False,True,6,False,False,True,False,False,False,False,True,3,True,False,True,1,0.6223400123417377,56.728383991867304,-4.512543376941337,postgres,91.15336129266386
2025-09-12T13:45:16.917710,tpch_sf1,AP,98,546840,2,1,4,11,True,False,True,True,False,False,False,1,False,False,False,True,False,False,False,True,2,False,False,False,1,13.619947014376521,13.361286954022944,0.0191739180699712,duckdb,1.0193589181374252
2025-09-12T14:54:37.374776,tpch_sf1,AP,1,764666,8,7,2,39,True,True,False,False,False,False,True,7,False,False,True,False,False,False,True,False,1,True,False,True,1,0.6580370245501399,96.03053395403549,-4.983160283844577,postgres,145.93484921260435
2025-09-12T15:00:39.319144,tpch_sf1,AP,8,374014,1,0,5,8,True,True,True,False,False,False,False,0,False,False,False,True,False,False,False,True,3,True,False,False,1,877.9687809874304,973.0270360014401,-0.10280083198858689,postgres,1.1082706550306949
2025-09-12T15:05:04.161707,tpch_sf1,AP,10,624358,2,1,4,13,True,True,True,False,False,False,False,1,False,False,False,True,False,False,False,True,3,True,False,False,1,26.3207700336352,25.825574004556984,0.018993121166398053,duckdb,1.01917463786055
2025-09-12T15:05:04.211078,tpch_sf1,AP,11,586109,8,7,5,43,True,True,True,False,False,False,True,7,False,False,True,False,False,False,True,False,3,True,False,True,1,0.7699060370214283,46.207930019591004,-4.094638230226947,postgres,60.017622667770986
2025-09-12T15:05:04.590608,tpch_sf1,AP,12,430045,2,1,4,9,True,False,False,False,False,False,False,1,False,False,False,True,False,False,False,False,1,False,False,False,1,101.99341695988551,274.8421580181457,-0.9912886904466078,postgres,2.694704876161198
2025-09-12T15:05:05.189352,tpch_sf1,AP,13,58790,6,5,3,31,True,False,False,True,False,False,True,5,False,False,True,False,False,False,True,True,2,False,False,True,1,1.1920150136575103,594.5256039849482,-6.212118619388491,postgres,498.7568085747008
2025-09-12T15:11:11.136184,tpch_sf1,AP,16,965199,3,2,4,16,True,True,False,False,False,False,True,2,False,False,False,False,False,False,False,False,2,True,False,False,1,48.309234029147774,26.023345009889454,0.6186287029538917,duckdb,1.856380646330792
2025-09-12T15:11:11.154431,tpch_sf1,AP,22,264779,2,1,4,9,True,False,True,False,False,False,False,1,False,False,False,True,False,False,True,True,1,False,False,False,1,0.3495410201139748,12.803655990865082,-3.6008651106302056,postgres,36.62990966465165
2025-09-12T15:11:11.170181,tpch_sf1,AP,24,348430,3,2,6,18,True,False,True,False,False,False,False,2,False,False,False,False,False,False,True,True,3,False,False,False,1,0.31605700496584177,12.89245398947969,-3.70847486435774,postgres,40.79154642015626
2025-09-12T15:11:11.289398,tpch_sf1,AP,25,630036,4,3,5,23,True,True,True,False,False,False,True,3,False,False,True,False,False,False,True,True,3,True,False,False,1,26.967959944158792,89.5866479841061,-1.2005567982214493,postgres,3.3219660726880598
2025-09-12T15:15:16.919649,tpch_sf1,AP,31,377067,2,1,6,15,True,True,False,True,False,False,False,1,False,False,False,True,False,False,False,False,4,True,False,False,1,262.5844409922138,260.1425499888137,0.009342960315472482,duckdb,1.0093867420131966
2025-09-12T15:19:17.012724,tpch_sf1,AP,35,282338,1,0,6,6,True,False,False,False,False,False,False,0,False,False,False,True,False,False,False,False,2,False,False,False,1,11.568508052732795,12.0292860083282,-0.03905759403988112,postgres,1.039830369957391
2025-09-12T15:19:17.018601,tpch_sf1,AP,37,63830,3,2,2,14,True,True,True,True,False,False,True,2,False,False,False,False,False,False,True,False,1,True,False,False,1,0.4116380005143583,2.7099119615741074,-1.8845271032507243,postgres,6.583240512751406
2025-09-12T15:25:26.239933,tpch_sf1,AP,42,519362,4,3,4,19,True,True,False,False,False,False,True,3,False,False,True,False,False,False,False,True,1,True,False,False,1,24.006273015402257,28.745926974806935,-0.18018091492861235,postgres,1.1974339772093632
2025-09-12T15:25:49.901399,tpch_sf1,AP,45,957621,6,5,4,33,True,False,True,False,False,False,False,5,False,False,True,False,False,False,True,True,3,False,False,True,1,13423.988255963195,10232.892411004286,0.2714359967464824,duckdb,1.311846906699347
2025-09-12T15:25:51.940676,tpch_sf1,AP,48,556783,4,3,4,21,True,False,True,False,False,False,True,3,False,False,True,False,False,False,False,True,2,False,False,False,1,1195.908227993641,837.9828839679249,0.35566352370548926,duckdb,1.4271272729711462
2025-09-12T15:26:14.145169,tpch_sf1,AP,50,829053,3,2,3,16,True,True,False,True,False,False,True,2,False,False,False,False,False,False,False,False,2,True,False,False,1,21198.199874954298,1001.8101829919033,3.0521077199288458,duckdb,21.15989659003658
2025-09-12T15:26:14.159999,tpch_sf1,AP,51,545047,1,0,6,10,True,True,False,False,False,False,False,0,False,False,False,True,False,False,False,True,4,True,False,False,1,0.517548993229866,12.33559602405876,-3.1711401539751543,postgres,23.834644034521354
2025-09-12T15:30:14.881466,tpch_sf1,AP,54,489962,2,1,6,13,True,True,True,False,False,False,False,1,False,False,False,True,False,False,False,True,3,True,False,False,1,351.90953698474914,346.35170898400247,0.015919386640988676,duckdb,1.0160467751611508
2025-09-12T15:34:20.824011,tpch_sf1,AP,62,809078,8,7,2,37,False,False,False,False,False,False,True,7,False,False,True,False,False,False,True,True,0,False,False,True,1,437.2533229761757,418.41972700785846,0.04402765326704576,duckdb,1.045011252464116
2025-09-12T15:34:20.839515,tpch_sf1,AP,63,524310,3,2,5,18,True,False,False,False,False,False,False,2,False,False,False,False,False,False,False,True,3,False,False,False,1,0.39849698077887297,13.211220037192106,-3.5011218286072223,postgres,33.152622665723655
2025-09-12T15:38:27.742548,tpch_sf1,AP,68,69301,1,0,6,10,True,True,False,True,False,False,False,0,False,False,False,True,False,False,False,True,4,True,False,False,1,193.9665039535612,52.135111996904016,1.3138468276738966,duckdb,3.7204581811405655
2025-09-12T15:38:27.768889,tpch_sf1,AP,70,324449,2,1,3,11,True,True,False,False,False,False,False,1,False,False,False,True,False,False,True,False,2,True,False,False,1,0.5604850011877716,22.68342999741435,-3.7005874984073146,postgres,40.47107406860837
2025-09-12T15:38:29.825063,tpch_sf1,AP,72,750849,7,6,4,36,True,True,False,True,False,False,True,6,False,False,True,False,False,False,True,False,2,True,False,True,1,111.59427202073857,1940.666115959175,-2.8559168292141512,postgres,17.390373903765628
2025-09-12T15:38:30.181522,tpch_sf1,AP,74,475207,6,5,6,37,True,False,True,False,False,False,True,5,False,False,True,False,False,False,True,True,5,False,False,True,1,89.35186499729753,262.8908469923772,-1.0791568012527415,postgres,2.942197647473037
2025-09-12T15:42:38.953689,tpch_sf1,AP,77,266419,7,6,6,38,True,True,False,False,False,False,True,6,False,False,True,False,False,False,True,False,3,True,False,True,1,234.78945897659287,27.515101013705134,2.143954211591958,duckdb,8.533112739060831
2025-09-12T15:42:38.971385,tpch_sf1,AP,82,9848,3,2,2,12,False,False,False,False,False,False,True,2,False,False,False,False,False,False,False,True,0,False,False,False,1,0.31204300466924906,12.752656999509782,-3.710353907204957,postgres,40.8682675422479
2025-09-12T15:42:39.216547,tpch_sf1,AP,85,350608,4,3,3,19,True,False,False,False,False,False,True,3,False,False,True,False,False,False,False,False,1,False,False,False,1,58.34640405373648,182.8745639650151,-1.142402745355757,postgres,3.1342902262937984
2025-09-12T15:42:40.769455,tpch_sf1,AP,86,422585,2,1,2,7,False,True,False,False,False,False,False,1,False,False,False,True,False,False,True,False,0,False,True,False,1,828.593926038593,704.3066259939224,0.16251638960488732,duckdb,1.1764676001298093
2025-09-12T15:42:40.993424,tpch_sf1,AP,87,822302,2,1,4,11,True,True,False,False,False,False,False,1,False,False,False,True,False,False,True,False,2,True,False,False,1,109.84635300701484,111.0488580306992,-0.010887668382576154,postgres,1.010947154737195
2025-09-12T15:46:57.628113,tpch_sf1,AP,93,708969,2,1,4,13,True,False,False,False,False,False,False,1,False,False,False,True,False,False,False,False,3,False,False,False,1,3230.996033991687,2968.533201958053,0.08472249992991591,duckdb,1.0884149895512414
2025-09-12T15:50:57.772318,tpch_sf1,AP,101,125212,2,1,7,15,True,False,True,False,False,False,False,1,False,False,False,True,False,False,False,True,4,False,False,False,1,20.52489999914542,20.867043000180274,-0.016532241249920605,postgres,1.0166696549580803
2025-09-12T15:57:11.306606,tpch_sf1,AP,104,419006,3,2,2,14,True,False,False,False,False,False,False,2,False,False,False,False,False,False,False,False,1,False,False,False,1,78.63402704242617,57.353583979420364,0.3155691850555708,duckdb,1.3710394640837382
2025-09-12T16:00:08.101583,tpch_sf1,AP,107,267184,2,1,5,11,True,False,True,False,False,False,False,1,False,False,False,True,False,False,True,True,2,False,False,False,1,120000,56787.95241599437,0.7481675449046737,duckdb,2.1131242613037395
2025-09-12T16:04:08.270537,tpch_sf1,AP,110,177589,5,4,5,30,True,True,False,True,False,False,True,4,False,False,True,False,False,False,True,True,4,True,False,False,1,63.49879101617262,65.91490900609642,-0.03734378613358144,postgres,1.0380498266385645
2025-09-12T16:04:08.332526,tpch_sf1,AP,111,701511,7,6,4,34,True,False,False,False,False,False,True,6,False,False,True,False,False,False,True,False,1,False,False,True,1,2.677248965483159,56.08812300488353,-3.042134317083264,postgres,20.949909301678037
2025-09-12T16:04:24.149638,tpch_sf1,AP,112,201175,2,1,2,7,False,True,False,False,False,False,False,1,False,False,False,True,False,False,False,False,0,False,True,False,1,13127.666869026143,2475.003066996578,1.668480342648008,duckdb,5.304101253077071
2025-09-12T16:04:24.238316,tpch_sf1,AP,113,368835,1,0,7,10,True,False,True,False,False,False,False,0,False,False,False,True,False,False,True,True,4,False,False,False,1,35.624462994746864,50.12131598778069,-0.34141382177906837,postgres,1.4069353408968301
2025-09-12T16:04:24.252249,tpch_sf1,AP,116,671786,1,0,4,6,True,False,False,False,False,False,False,0,False,False,False,True,False,False,False,True,2,False,False,False,1,0.29313896084204316,10.508002014830709,-3.5792455768754587,postgres,35.84648722451092
2025-09-12T16:04:34.916018,tpch_sf1,AP,117,662557,3,2,3,14,True,False,False,False,False,False,False,2,False,False,False,False,False,False,True,True,1,False,False,False,1,9203.453761001583,1457.904632028658,1.8425786010953655,duckdb,6.312795472907635
2025-09-12T16:04:34.943476,tpch_sf1,AP,118,577772,2,1,6,13,True,True,False,True,False,False,False,1,False,False,False,True,False,False,True,True,3,True,False,False,1,0.5766769754700363,24.533572955988348,-3.750515508027378,postgres,42.543007610095046
2025-09-12T16:08:35.752321,tpch_sf1,AP,120,349321,4,3,5,25,True,False,False,True,False,False,False,3,False,False,True,False,False,False,False,True,4,False,False,False,1,66.66241801576689,62.94393801363185,0.0573968886654098,duckdb,1.0590760622783042
2025-09-12T16:08:35.998123,tpch_sf1,AP,121,930843,4,3,5,19,True,False,True,True,False,False,False,3,False,False,True,False,False,False,False,True,1,False,False,False,1,77.34053500462323,165.73347500525415,-0.7621627220644752,postgres,2.142905722016883
2025-09-12T16:08:36.023671,tpch_sf1,AP,122,354725,3,2,3,16,True,True,False,True,False,False,False,2,False,False,False,False,False,False,True,True,2,True,False,False,1,0.41621504351496696,23.111458984203637,-4.0168817752105195,postgres,55.527687776553314
2025-09-12T16:08:36.583940,tpch_sf1,AP,124,688285,4,3,3,21,True,True,False,False,False,False,True,3,False,False,True,False,False,False,True,True,2,True,False,False,1,149.86437698826194,406.4261589664966,-0.997671530037016,postgres,2.7119597541070735
2025-09-12T16:08:36.617949,tpch_sf1,AP,125,138298,3,2,4,14,True,True,False,True,False,False,True,2,False,False,False,False,False,False,False,True,1,True,False,False,1,3.997015010099858,27.29408204322681,-1.9211220686548407,postgres,6.8286163485147675
2025-09-12T16:12:41.987870,tpch_sf1,AP,128,962676,1,0,7,10,True,True,False,False,False,False,False,0,False,False,False,True,False,False,True,False,4,True,False,False,1,2.8719749534502625,2.7825760189443827,0.03162280603474024,duckdb,1.0321281193747205
2025-09-12T16:16:50.281239,tpch_sf1,AP,132,613097,7,6,6,36,True,True,False,False,False,False,True,6,False,False,True,False,False,False,True,False,2,True,False,True,1,1289.3711990327574,1270.7600070280023,0.014539504711601335,duckdb,1.014645717446115
2025-09-12T16:17:01.529238,tpch_sf1,AP,135,569496,1,0,3,4,True,True,False,False,False,False,False,0,False,False,False,True,False,False,False,False,1,True,False,False,1,5297.160379006527,5777.859357011039,-0.08686236119614718,postgres,1.0907465403368939
2025-09-12T16:17:01.906102,tpch_sf1,AP,137,222636,5,4,6,32,True,True,False,False,False,False,True,4,False,False,True,False,False,False,True,False,5,True,False,False,1,0.8483100100420415,371.95273995166644,-6.08327593517958,postgres,438.46322163902414
2025-09-12T16:17:03.111565,tpch_sf1,AP,139,78791,4,3,7,25,True,False,True,True,False,False,True,3,False,False,True,False,False,False,True,True,4,False,False,False,1,2.0265200291760266,1199.7760770027526,-6.383570165198672,postgres,592.0376111409942
2025-09-14T20:29:28.528769,tpch_sf1,AP,2,318806,1,0,3,6,True,True,True,False,False,False,False,0,False,False,False,True,False,False,True,True,2,True,False,False,1,1488.0859149852768,1837.6897170674056,-0.21101852084936507,postgres,1.2349352268989038
2025-09-14T20:35:47.282647,tpch_sf1,AP,9,472290,5,4,4,28,True,True,True,False,False,False,False,4,False,False,True,False,False,False,False,True,3,True,False,False,1,35.76654999051243,38.34284597542137,-0.06955486597473311,postgres,1.0720308776102905
2025-09-14T20:42:06.720319,tpch_sf1,AP,13,982261,3,2,4,14,True,False,True,False,False,False,False,2,False,False,False,False,False,False,True,True,1,False,False,False,1,202.733246027492,204.78112204000354,-0.010050655446377451,postgres,1.0101013329221487
2025-09-14T20:42:06.963247,tpch_sf1,AP,20,960537,3,2,3,14,True,False,True,False,False,False,False,2,False,False,False,False,False,False,False,True,1,False,False,False,1,33.19938399363309,203.20479397196323,-1.811682986466074,postgres,6.120739891165854
2025-09-14T20:42:09.461523,tpch_sf1,AP,22,873125,3,2,6,20,True,True,False,False,False,False,False,2,False,False,False,False,False,False,False,True,4,True,False,False,1,2070.928552071564,422.9557600338012,1.5884847741910633,duckdb,4.8963242678290095
2025-09-14T20:42:11.601402,tpch_sf1,AP,24,743015,5,4,3,24,True,False,True,False,False,False,False,4,False,False,True,False,False,False,True,True,1,False,False,False,1,51.57225800212473,2083.562273066491,-3.6988504468047436,postgres,40.4008347468643
2025-09-14T20:42:11.630868,tpch_sf1,AP,26,170779,2,1,6,13,True,False,False,False,False,False,False,1,False,False,False,True,False,False,True,True,3,False,False,False,1,3.167013986967504,23.600450018420815,-2.0084765964079496,postgres,7.451956358746253
2025-09-14T20:42:11.719017,tpch_sf1,AP,30,993648,5,4,5,28,True,True,False,True,False,False,False,4,False,False,True,False,False,False,True,True,3,True,False,False,1,0.5828540306538343,83.15534901339561,-4.960529033473926,postgres,142.6692527460324
2025-09-14T20:42:12.052951,tpch_sf1,AP,32,66941,1,0,4,8,True,False,True,False,False,False,False,0,False,False,False,True,False,False,False,True,3,False,False,False,1,89.35502707026899,242.01970698777586,-0.9964016539742797,postgres,2.708518087040039
2025-09-14T20:44:32.964373,tpch_sf1,AP,37,468036,6,5,6,33,True,True,True,False,False,False,False,5,False,False,True,False,False,False,True,True,3,True,False,True,1,234.85415801405907,123.90998809132725,0.6394093177732115,duckdb,1.8953609925372679
2025-09-14T20:44:52.830706,tpch_sf1,AP,41,610712,6,5,5,33,True,False,True,False,False,False,False,5,False,False,True,False,False,False,False,True,3,False,False,True,1,17023.01739505492,2838.376115076244,1.7913342945154314,duckdb,5.997449493968015
2025-09-14T20:44:52.881029,tpch_sf1,AP,42,991020,1,0,5,10,True,False,True,False,False,False,False,0,False,False,False,True,False,False,True,True,4,False,False,False,1,22.95202505774796,25.156352086924016,-0.0917042623001562,postgres,1.0960406336098842
2025-09-14T20:44:52.894126,tpch_sf1,AP,43,880290,1,0,3,4,True,True,False,True,False,False,False,0,False,False,False,True,False,False,True,False,1,True,False,False,1,0.3960530739277601,10.897021973505616,-3.3146965901037673,postgres,27.514044684559696
2025-09-14T20:48:52.928932,tpch_sf1,AP,46,470063,1,0,3,6,True,True,True,False,False,False,False,0,False,False,False,True,False,False,False,True,2,True,False,False,1,10.85194491315633,10.818053968250751,0.003127916408586125,duckdb,1.0031328134436233
2025-09-14T20:53:00.945644,tpch_sf1,AP,49,839342,1,0,6,8,True,True,True,False,False,False,False,0,False,False,False,True,False,False,False,True,3,True,False,False,1,3777.1640709834173,3821.8566849827766,-0.011762865442249328,postgres,1.0118323200050252
2025-09-14T20:53:17.793914,tpch_sf1,AP,50,772136,6,5,5,35,True,True,True,False,False,False,True,5,False,False,True,False,False,False,True,True,4,True,False,True,1,13884.772837045603,2950.326193938963,1.548877021855879,duckdb,4.7061822742074915
2025-09-14T20:53:23.496398,tpch_sf1,AP,51,760993,2,1,4,11,True,True,True,False,False,False,False,1,False,False,False,True,False,False,False,True,2,True,False,False,1,4285.928976954892,1414.165172027424,1.1087979534219716,duckdb,3.0307131456294822
2025-09-14T20:53:24.118841,tpch_sf1,AP,52,447218,4,3,5,23,True,True,True,True,False,False,True,3,False,False,True,False,False,False,False,True,3,True,False,False,1,475.58008995838463,144.451302010566,1.1915928604985884,duckdb,3.292321241407696
2025-09-14T20:54:42.114654,tpch_sf1,AP,54,767063,2,1,5,15,True,True,False,True,False,False,False,1,False,False,False,True,False,False,True,True,4,True,False,False,1,10636.070440988988,67355.42058199644,-1.845732287146669,postgres,6.332735473659898
2025-09-14T20:54:42.777420,tpch_sf1,AP,55,726533,1,0,4,4,True,False,True,False,False,False,False,0,False,False,False,True,False,False,True,True,1,False,False,False,1,265.3454850660637,395.1729059917852,-0.3982907116951765,postgres,1.4892769171987157
2025-09-14T20:54:43.076371,tpch_sf1,AP,57,371463,1,0,6,12,True,True,False,False,False,False,False,0,False,False,False,True,False,False,False,True,5,True,False,False,1,73.66551796440035,222.13166009169072,-1.1037354500710879,postgres,3.015408921702529
2025-09-14T20:55:09.576887,tpch_sf1,AP,58,552860,7,6,5,40,True,False,True,False,False,False,True,6,False,False,True,False,False,False,False,True,4,False,False,True,1,23433.223995030858,3063.9654089463875,2.034444881900961,duckdb,7.648005400651338
2025-09-14T20:55:09.597340,tpch_sf1,AP,59,451792,3,2,2,14,True,True,True,False,False,False,True,2,False,False,False,False,False,False,False,False,1,True,False,False,1,0.40535395964980125,17.915528966113925,-3.7886624958826767,postgres,44.19724672627287
2025-09-14T21:03:16.566983,tpch_sf1,AP,66,720488,1,0,6,10,True,False,True,False,False,False,False,0,False,False,False,True,False,False,False,True,4,False,False,False,1,4.732248955406249,2.852300996892154,0.5062745198993699,duckdb,1.6590987278560263
2025-09-14T21:03:18.401290,tpch_sf1,AP,67,605822,1,0,5,10,True,False,False,False,False,False,False,0,False,False,False,True,False,False,False,False,4,False,False,False,1,658.8751591043547,1173.1390251079574,-0.5769042859549125,postgres,1.7805179158714528
2025-09-14T21:11:22.887718,tpch_sf1,AP,77,660507,3,2,2,14,True,True,True,False,False,False,False,2,False,False,False,False,False,False,True,False,1,True,False,False,1,2.740591997280717,2.597956918179989,0.05344861904043422,duckdb,1.0549027884575746
2025-09-14T21:13:40.908125,tpch_sf1,AP,78,951097,2,1,6,13,True,True,True,True,False,False,False,1,False,False,False,True,False,False,False,True,3,True,False,False,1,120000,17967.28148299735,1.8989393342878127,duckdb,6.6788067028146365
2025-09-14T21:13:40.929093,tpch_sf1,AP,80,249583,4,3,4,23,True,False,False,True,False,False,True,3,False,False,True,False,False,False,True,False,3,False,False,False,1,0.45386701822280884,16.963722999207675,-3.621028157987478,postgres,37.37597648234483
2025-09-14T21:13:41.021831,tpch_sf1,AP,81,944617,6,5,3,29,True,False,False,True,False,False,True,5,False,False,True,False,False,False,True,False,1,False,False,True,1,0.9376240195706487,89.33555404655635,-4.556805792608653,postgres,95.27865347078499
2025-09-14T21:13:41.537185,tpch_sf1,AP,84,553839,4,3,4,19,True,True,False,False,False,False,False,3,False,False,True,False,False,False,True,False,1,True,False,False,1,109.88506802823395,401.12797694746405,-1.2948455374344863,postgres,3.650432075488163
2025-09-14T21:15:06.312630,tpch_sf1,AP,85,243259,2,1,3,9,True,False,False,False,False,False,False,1,False,False,False,True,False,False,True,False,1,False,False,False,1,81237.01853095554,3536.0458529321477,3.1343619243687453,duckdb,22.97397203251549
2025-09-14T21:15:06.638995,tpch_sf1,AP,86,911793,1,0,2,2,False,False,False,False,False,False,False,0,False,False,False,True,False,False,True,False,0,False,True,False,1,96.05242602992803,228.07026107329875,-0.8647595971988176,postgres,2.374435196485684
2025-09-14T21:15:10.528990,tpch_sf1,AP,87,777390,2,1,6,11,True,False,False,False,False,False,False,1,False,False,False,True,False,False,False,True,2,False,False,False,1,3532.8771859640256,354.906787048094,2.2980127014841534,duckdb,9.954380459580447
2025-09-14T21:15:26.115808,tpch_sf1,AP,88,39586,6,5,3,29,True,False,True,True,False,False,False,5,False,False,True,False,False,False,False,True,1,False,False,True,1,12430.74909702409,3152.181628975086,1.3720783752127854,duckdb,3.9435383363571845
2025-09-14T21:15:26.135962,tpch_sf1,AP,91,812483,1,0,3,4,True,True,True,False,False,False,False,0,False,False,False,True,False,False,True,False,1,True,False,False,1,0.4149370361119509,16.123934998176992,-3.65993330435026,postgres,38.85875107525162
2025-09-14T21:15:26.179657,tpch_sf1,AP,93,81981,4,3,3,19,True,True,False,False,False,False,False,3,False,False,True,False,False,False,True,False,1,True,False,False,1,0.5133140366524458,40.25625507347286,-4.362132861228424,postgres,78.42422415720833
2025-09-14T21:19:26.348139,tpch_sf1,AP,95,411957,7,6,5,38,True,False,True,True,False,False,False,6,False,False,True,False,False,False,True,True,3,False,False,True,1,52.942084963433444,48.00269799306989,0.09794136202403991,duckdb,1.102898111499413
2025-09-14T21:19:26.379531,tpch_sf1,AP,96,702117,3,2,3,14,True,True,True,False,False,False,False,2,False,False,False,False,False,False,False,True,1,True,False,False,1,0.8126469328999519,27.763020945712924,-3.5311634940462304,postgres,34.16369375398964
2025-09-14T21:19:26.455646,tpch_sf1,AP,98,415369,4,3,5,21,True,False,True,False,False,False,True,3,False,False,True,False,False,False,False,True,2,False,False,False,1,23.900993983261287,48.905881005339324,-0.7159776078768649,postgres,2.046186072411459
2025-09-14T21:23:50.132471,tpch_sf1,AP,102,286736,3,2,6,20,True,False,False,False,False,False,False,2,False,False,False,False,False,False,True,False,4,False,False,False,1,3258.051297045313,2693.524669040926,0.1902786331782236,duckdb,1.2095865816611941
2025-09-14T21:23:50.693041,tpch_sf1,AP,104,320412,1,0,4,8,True,True,True,False,False,False,False,0,False,False,False,True,False,False,False,True,3,True,False,False,1,241.61179293878376,314.9058149429038,-0.26494131723279346,postgres,1.3033544890860946
2025-09-14T21:23:53.845140,tpch_sf1,AP,107,991875,2,1,4,13,True,False,False,False,False,False,False,1,False,False,False,True,False,False,False,True,3,False,False,False,1,2811.7879800265655,336.31362603046,2.12353171639321,duckdb,8.360612720972243
2025-09-14T21:27:55.121250,tpch_sf1,AP,111,972620,2,1,3,11,True,True,True,False,False,False,False,1,False,False,False,True,False,False,True,False,2,True,False,False,1,659.4631240004674,598.9160210592672,0.09630466578636929,duckdb,1.1010944787119137
2025-09-14T21:27:57.968257,tpch_sf1,AP,115,873596,4,3,2,19,True,False,False,True,False,False,False,3,False,False,True,False,False,False,False,False,1,False,False,False,1,2465.7703719567508,376.0624900460243,1.8805042352600552,duckdb,6.5568102036844405
2025-09-14T21:32:09.043953,tpch_sf1,AP,117,796337,2,1,4,13,True,False,True,False,False,False,False,1,False,False,False,True,False,False,True,True,3,False,False,False,1,2107.6843090122566,2071.487740962766,0.017322796365132294,duckdb,1.0174737061357975
2025-09-14T21:32:09.100462,tpch_sf1,AP,118,251505,2,1,4,13,True,False,False,True,False,False,False,1,False,False,False,True,False,False,True,True,3,False,False,False,1,6.011691060848534,48.14121499657631,-2.080432587365936,postgres,8.007932295473164
2025-09-14T21:32:58.120080,tpch_sf1,AP,119,492754,4,3,7,27,True,True,True,False,False,False,False,3,False,False,True,False,False,False,True,True,5,True,False,False,1,28695.47604501713,19195.604329928756,0.402058169574158,duckdb,1.4948982877437562
2025-09-14T21:33:05.060639,tpch_sf1,AP,120,637175,6,5,4,31,True,False,False,False,False,False,True,5,False,False,True,False,False,False,True,True,2,False,False,True,1,4184.699155972339,2750.430937972851,0.419677210971455,duckdb,1.5214703624067676
2025-09-14T21:33:05.152844,tpch_sf1,AP,122,339973,6,5,6,35,True,False,False,False,False,False,True,5,False,False,True,False,False,False,False,False,4,False,False,True,1,1.1620449367910624,86.97841502726078,-4.315478655117765,postgres,74.84944193935216
2025-09-14T21:37:09.302492,tpch_sf1,AP,126,851110,6,5,6,35,True,True,True,False,False,False,False,5,False,False,True,False,False,False,True,True,4,True,False,True,1,418.8902989262715,392.4854180077091,0.06510968427754871,duckdb,1.06727608137035
2025-09-14T21:37:09.825851,tpch_sf1,AP,128,786342,2,1,4,13,True,True,True,True,False,False,False,1,False,False,False,True,False,False,True,True,3,True,False,False,1,440.96488296054304,78.45312601421028,1.7264639161985829,duckdb,5.620743307037513
2025-09-14T21:41:10.553318,tpch_sf1,AP,130,291768,6,5,3,31,True,False,False,True,False,False,True,5,False,False,True,False,False,False,True,True,2,False,False,True,1,351.5729350037873,338.883857941255,0.036759739445098596,duckdb,1.0374437340852392
2025-09-14T21:49:15.470600,tpch_sf1,AP,137,989456,1,0,5,8,True,True,False,False,False,False,False,0,False,False,False,True,False,False,True,False,3,True,False,False,1,2.0576349925249815,1.9617750076577067,0.04770758182111795,duckdb,1.0488639036041796
2025-09-14T21:49:15.708064,tpch_sf1,AP,138,116920,2,1,4,11,True,True,False,False,False,False,False,1,False,False,False,True,False,False,True,False,2,True,False,False,1,118.77183697652072,115.80874107312411,0.02526426982361825,duckdb,1.0255861161768924
2025-09-14T21:49:15.806547,tpch_sf1,AP,139,865007,1,0,7,10,True,True,True,False,False,False,False,0,False,False,False,True,False,False,True,True,4,True,False,False,1,26.48660005070269,69.43069794215262,-0.963690156532793,postgres,2.621351846187998
2025-09-14T21:49:15.868708,tpch_sf1,AP,140,77704,1,0,6,12,True,True,True,True,False,False,False,0,False,False,False,True,False,False,False,True,5,True,False,False,1,28.459727996960282,31.197634991258383,-0.09185225514426029,postgres,1.0962028517837743
2025-09-14T21:53:58.605775,tpch_sf1,AP,143,436462,2,1,3,11,True,False,False,False,False,False,False,1,False,False,False,True,False,False,True,True,2,False,False,False,1,3671.134453965351,3445.2983679948375,0.063490220109684,duckdb,1.0655490647975288
2025-09-14T21:58:04.225096,tpch_sf1,AP,148,592691,5,4,5,28,True,True,False,True,False,False,True,4,False,False,True,False,False,False,False,False,3,True,False,False,1,84.05013603623956,76.19757205247879,0.0980838790123476,duckdb,1.1030553044177387
2025-09-14T21:58:08.337692,tpch_sf1,AP,149,852628,1,0,5,10,True,False,True,False,False,False,False,0,False,False,False,True,False,False,False,True,4,False,False,False,1,2797.570931026712,1312.0994940400124,0.7571229945119566,duckdb,2.1321332290227986
2025-09-14T21:58:09.967090,tpch_sf1,AP,150,442447,3,2,5,18,True,False,True,True,False,False,False,2,False,False,False,False,False,False,True,True,3,False,False,False,1,426.26645299606025,1199.6898689540103,-1.0347537325787035,postgres,2.814413052028512
2025-09-14T22:04:17.351374,tpch_sf1,AP,154,129803,2,1,4,13,True,False,True,True,False,False,False,1,False,False,False,True,False,False,True,True,3,False,False,False,1,334.67310201376677,324.5675900252536,0.030660436314394728,duckdb,1.0311353083273869
2025-09-14T22:04:18.777120,tpch_sf1,AP,155,283616,7,6,3,34,True,False,False,False,False,False,True,6,False,False,True,False,False,False,True,True,1,False,False,True,1,649.9401640612632,768.2366009103134,-0.16721745644259053,postgres,1.182011273329924
2025-09-14T22:04:56.538965,tpch_sf1,AP,156,669241,4,3,4,21,True,False,True,True,False,False,False,3,False,False,True,False,False,False,False,True,2,False,False,False,1,15408.072324935347,22346.73929598648,-0.37178886858847116,postgres,1.4503267394339836
2025-09-14T22:04:56.955449,tpch_sf1,AP,159,233615,5,4,3,26,True,False,False,True,False,False,False,4,False,False,True,False,False,False,True,True,2,False,False,False,1,0.5438609514385462,412.05267701298,-6.630212866775878,postgres,757.6434305920933
2025-09-14T22:04:58.691509,tpch_sf1,AP,161,602277,7,6,5,40,True,True,True,False,False,False,False,6,False,False,True,False,False,False,False,True,4,True,False,True,1,1719.8201869614422,6.5135619370266795,5.576088566744181,duckdb,264.03682095736826
2025-09-14T22:08:58.889523,tpch_sf1,AP,165,643914,1,0,5,8,True,False,False,False,False,False,False,0,False,False,False,True,False,False,False,True,3,False,False,False,1,46.67863005306572,44.87770306877792,0.03934537885670556,duckdb,1.0401296604134966
2025-09-14T22:09:05.230717,tpch_sf1,AP,167,463229,2,1,5,13,True,False,False,True,False,False,False,1,False,False,False,True,False,False,False,True,3,False,False,False,1,5756.827360019088,581.3785119680688,2.29273976806607,duckdb,9.902029816222846
2025-09-14T22:09:06.986610,tpch_sf1,AP,168,718734,1,0,5,10,True,True,False,True,False,False,False,0,False,False,False,True,False,False,False,False,4,True,False,False,1,1357.2123469784856,395.3500890638679,1.2334164564638237,duckdb,3.4329380074054594
2025-09-14T22:09:08.964040,tpch_sf1,AP,169,163229,3,2,7,18,True,False,True,False,False,False,False,2,False,False,False,False,False,False,False,True,3,False,False,False,1,1811.2745790276676,163.29989291261882,2.4061977195390827,duckdb,11.091707083953045
2025-09-14T22:09:56.201586,tpch_sf1,AP,172,625659,4,3,2,19,True,True,False,False,False,False,True,3,False,False,True,False,False,False,False,False,1,True,False,False,1,43060.65902905539,4172.365137957968,2.3341267423288183,duckdb,10.320443586615257
2025-09-14T22:12:08.377051,tpch_sf1,AP,176,927238,1,0,3,2,False,False,False,True,False,False,False,0,False,False,False,True,False,False,True,False,0,False,True,False,1,2.810613950714469,2.707668929360807,0.037314856217057546,duckdb,1.0380197963781208
2025-09-14T22:12:08.709096,tpch_sf1,AP,177,787848,2,1,7,15,True,False,True,True,False,False,False,1,False,False,False,True,False,False,True,True,4,False,False,False,1,2.144183963537216,327.5820950511843,-5.028979652158126,postgres,152.77704740911264
2025-09-14T22:12:08.731417,tpch_sf1,AP,178,606783,1,0,3,2,False,False,False,False,False,False,False,0,False,False,False,True,False,False,False,False,0,False,True,False,1,6.234913947992027,14.367327908985317,-0.8347919559378758,postgres,2.30433459528537
2025-09-14T22:12:12.317959,tpch_sf1,AP,179,358679,2,1,3,11,True,False,True,True,False,False,False,1,False,False,False,True,False,False,True,True,2,False,False,False,1,1473.5711520770565,2110.028389026411,-0.3590125920800073,postgres,1.4319148322442679
2025-09-14T22:16:20.928431,tpch_sf1,AP,183,462849,1,0,3,6,True,True,False,True,False,False,False,0,False,False,False,True,False,False,False,False,2,True,False,False,1,997.9924110230058,1031.7461090162396,-0.033262225281714575,postgres,1.0338215978602825
2025-09-14T22:20:26.067863,tpch_sf1,AP,187,568349,3,2,3,16,True,True,False,True,False,False,False,2,False,False,False,False,False,False,False,True,2,True,False,False,1,149.68375896569341,71.86551799532026,0.7337282281254597,duckdb,2.0828314209805114
2025-09-14T22:23:18.701538,tpch_sf1,AP,192,783736,4,3,6,25,True,False,True,False,False,False,True,3,False,False,True,False,False,False,False,True,4,False,False,False,1,120000,52614.34995604213,0.8245028473925293,duckdb,2.280746604305798
2025-09-14T22:23:18.822537,tpch_sf1,AP,193,426515,6,5,4,33,True,False,True,False,False,False,False,5,False,False,True,False,False,False,True,True,3,False,False,True,1,24.326500948518515,93.05568307172507,-1.341631726569302,postgres,3.825280227051814
2025-09-14T22:23:19.687564,tpch_sf1,AP,194,980333,7,6,7,42,True,True,True,False,False,False,True,6,False,False,True,False,False,False,False,True,5,True,False,True,1,796.8205340439454,64.19712898787111,2.51867098669495,duckdb,12.41208986455594
2025-09-14T22:27:27.866558,tpch_sf1,AP,196,674126,6,5,4,33,True,False,True,False,False,False,True,5,False,False,True,False,False,False,True,True,3,False,False,True,1,1778.0052629532292,1128.2878409838304,0.4547907984279098,duckdb,1.5758436795728175
2025-09-14T22:31:31.924856,tpch_sf1,AP,198,897636,1,0,3,4,True,False,True,False,False,False,False,0,False,False,False,True,False,False,False,True,1,False,False,False,1,16.939331078901887,16.400288906879723,0.03233924982797842,duckdb,1.0328678461143475
2025-09-14T22:31:31.929850,tpch_sf1,AP,200,259952,1,0,2,4,True,True,False,False,False,False,False,0,False,False,False,True,False,False,True,False,1,True,False,False,1,0.28059002943336964,2.515963977202773,-2.193516666218155,postgres,8.966690592262214
2025-09-14T22:35:38.796631,tpch_sf1,AP,203,63994,1,0,6,8,True,False,True,False,False,False,False,0,False,False,False,True,False,False,True,True,3,False,False,False,1,3.0428270110860467,3.197067999280989,-0.049447118416122954,postgres,1.0506900285928154
2025-09-14T22:43:52.842424,tpch_sf1,AP,212,614048,6,5,3,31,True,True,False,True,False,False,True,5,False,False,True,False,False,False,True,True,2,True,False,True,1,77.80394901055843,85.85565094836056,-0.09847522030088204,postgres,1.1034870599782727
2025-09-14T22:43:55.171793,tpch_sf1,AP,213,739290,2,1,4,13,True,True,True,False,False,False,False,1,False,False,False,True,False,False,True,True,3,True,False,False,1,594.4222349207848,1730.7360139675438,-1.0687121385765832,postgres,2.9116273118521363
2025-09-14T22:43:55.439901,tpch_sf1,AP,214,261593,6,5,2,29,True,True,False,False,False,False,True,5,False,False,True,False,False,False,False,False,1,True,False,True,1,179.91848208475858,84.42835602909327,0.7566005539187384,duckdb,2.1310196069998124
2025-09-14T22:43:55.750271,tpch_sf1,AP,216,859455,2,1,5,15,True,True,True,True,False,False,False,1,False,False,False,True,False,False,True,False,4,True,False,False,1,106.99206602293998,199.622682062909,-0.6236743126164346,postgres,1.8657708882835131
2025-09-14T22:43:55.984779,tpch_sf1,AP,225,637212,2,1,7,15,True,True,False,False,False,False,False,1,False,False,False,True,False,False,False,True,4,True,False,False,1,62.89074500091374,163.43215096276253,-0.95499891080851,postgres,2.598667752471179
2025-09-14T22:43:56.376265,tpch_sf1,AP,226,525740,5,4,7,32,True,False,True,False,False,False,False,4,False,False,True,False,False,False,True,True,5,False,False,False,1,264.0908230096102,124.2011379217729,0.7543907390658433,duckdb,2.126315647574386
2025-09-14T22:44:01.771447,tpch_sf1,AP,228,203813,3,2,7,20,True,False,True,False,False,False,True,2,False,False,False,False,False,False,True,True,4,False,False,False,1,2852.4667739402503,2539.1968219773844,0.1163363354322442,duckdb,1.1233736389599405
2025-09-14T22:44:01.978535,tpch_sf1,AP,230,748938,2,1,7,13,True,False,True,False,False,False,False,1,False,False,False,True,False,False,False,True,3,False,False,False,1,148.22540793102235,55.4200429469347,0.9837928273261901,duckdb,2.6745812534456137
2025-09-14T22:44:01.993678,tpch_sf1,AP,231,225357,1,0,6,8,True,True,True,False,False,False,False,0,False,False,False,True,False,False,True,True,3,True,False,False,1,0.41070906445384026,12.779904995113611,-3.4377442025705167,postgres,31.116685997929682
2025-09-14T22:44:03.558140,tpch_sf1,AP,232,160225,3,2,2,12,False,False,False,False,False,False,False,2,False,False,False,False,False,False,True,False,0,False,False,False,1,678.8213480031118,883.2781789824367,-0.2632822069878645,postgres,1.3011938731461163
2025-09-14T22:44:04.720925,tpch_sf1,AP,233,583346,2,1,6,15,True,False,True,False,False,False,False,1,False,False,False,True,False,False,True,True,4,False,False,False,1,114.86154596786946,1043.905935017392,-2.2069972088952143,postgres,9.088384856925108
2025-09-14T22:44:04.794350,tpch_sf1,AP,234,660569,3,2,6,18,True,True,False,False,False,False,False,2,False,False,False,False,False,False,False,False,3,True,False,False,1,25.696714990772307,43.18609100300819,-0.5191553135238358,postgres,1.6806074635810966
2025-09-14T22:44:04.966884,tpch_sf1,AP,236,630927,4,3,4,21,True,False,True,False,False,False,True,3,False,False,True,False,False,False,False,True,2,False,False,False,1,57.410410954616964,111.67305707931519,-0.6653498067005328,postgres,1.9451708361327171
2025-09-14T22:44:09.822652,tpch_sf1,AP,239,768889,1,0,3,6,True,True,False,False,False,False,False,0,False,False,False,True,False,False,True,False,2,True,False,False,1,3008.4428200498223,1689.1533950110897,0.5771951556447853,duckdb,1.7810358898932748
2025-09-14T22:44:11.828009,tpch_sf1,AP,240,34878,6,5,3,31,True,False,True,False,False,False,True,5,False,False,True,False,False,False,True,True,2,False,False,True,1,18.82279198616743,1982.651797006838,-4.657122043820073,postgres,105.33250319420505
2025-09-14T22:44:11.880934,tpch_sf1,AP,241,857603,8,7,3,37,False,True,False,True,False,False,False,7,False,False,True,False,False,False,True,False,0,False,False,True,1,0.633389106951654,49.82719395775348,-4.365231241166154,postgres,78.66758902368801
2025-09-14T22:46:12.585834,tpch_sf1,AP,244,302444,4,3,3,21,True,False,True,True,False,False,False,3,False,False,True,False,False,False,True,True,2,False,False,False,1,120000,696.2415419984609,5.149550378534054,duckdb,172.3539788441197
2025-09-14T22:48:58.118439,tpch_sf1,AP,245,21941,2,1,3,11,True,False,True,False,False,False,False,1,False,False,False,True,False,False,False,True,2,False,False,False,1,120000,45525.5766059272,0.9692174515500179,duckdb,2.6358809475106484
2025-09-14T22:56:58.171048,tpch_sf1,AP,255,864430,1,0,7,14,True,True,True,True,False,False,False,0,False,False,False,True,False,False,False,True,6,True,False,False,1,2.541157999075949,2.293791971169412,0.1024135515744351,duckdb,1.1078415266143014
2025-09-14T22:57:14.902008,tpch_sf1,AP,256,46763,4,3,6,23,True,False,True,False,False,False,False,3,False,False,True,False,False,False,True,True,3,False,False,False,1,14373.552410979755,2353.640318964608,1.8094266782861055,duckdb,6.106945184089486
2025-09-14T22:57:14.917110,tpch_sf1,AP,258,23698,1,0,6,10,True,True,False,False,False,False,False,0,False,False,False,True,False,False,True,False,4,True,False,False,1,0.36442000418901443,12.185988947749138,-3.5097350637282987,postgres,33.43940729836721
2025-09-14T22:57:17.581499,tpch_sf1,AP,259,31480,1,0,5,4,True,True,False,False,False,False,False,0,False,False,False,True,False,False,False,False,1,True,False,False,1,1312.8682819660753,1349.1614119848236,-0.027268951225180735,postgres,1.0276441517532877
2025-09-14T22:57:17.621931,tpch_sf1,AP,261,841873,4,3,7,27,True,True,True,False,False,False,False,3,False,False,True,False,False,False,True,True,5,True,False,False,1,0.48094906378537416,36.98662808164954,-4.342550355103597,postgres,76.90342047979327
2025-09-14T22:57:18.203501,tpch_sf1,AP,262,51514,4,3,6,21,True,True,True,False,False,False,True,3,False,False,True,False,False,False,False,True,2,True,False,False,1,331.97429892607033,246.90001597627997,0.2960740919880507,duckdb,1.3445697749892553
2025-09-14T23:03:36.880682,tpch_sf1,AP,267,455449,3,2,2,14,True,True,False,False,False,False,True,2,False,False,False,False,False,False,False,True,1,True,False,False,1,1175.1801209757105,352.6190909324214,1.2037882974654752,duckdb,3.3327183671996106
2025-09-14T23:03:36.900722,tpch_sf1,AP,269,690088,1,0,3,4,True,True,False,False,False,False,False,0,False,False,False,True,False,False,True,True,1,True,False,False,1,1.6642460832372308,15.311343013308942,-2.219221709110041,postgres,9.20016767203434
2025-09-14T23:03:52.334582,tpch_sf1,AP,270,629103,2,1,2,7,False,True,False,False,False,False,False,1,False,False,False,True,False,False,False,False,0,False,True,False,1,12885.592031059787,2349.8711220454425,1.7017493053870716,duckdb,5.483531377603184
2025-09-14T23:03:55.910273,tpch_sf1,AP,271,408316,6,5,6,31,True,False,False,False,False,False,True,5,False,False,True,False,False,False,False,True,2,False,False,True,1,45.47822696622461,3520.9747760090977,-4.34925947204718,postgres,77.42110919636391
2025-09-14T23:08:01.698470,tpch_sf1,AP,277,361866,1,0,4,6,True,True,True,False,False,False,False,0,False,False,False,True,False,False,False,True,2,True,False,False,1,14.468488050624728,15.20776899997145,-0.04983336906471744,postgres,1.0510959366839163
2025-09-14T23:08:01.729902,tpch_sf1,AP,280,591204,3,2,5,20,True,False,True,False,False,False,False,2,False,False,False,False,False,False,True,True,4,False,False,False,1,0.5631090607494116,26.978655951097608,-3.8693279890642702,postgres,47.91017909602301
2025-09-14T23:08:02.509011,tpch_sf1,AP,281,257166,1,0,5,10,True,True,True,False,False,False,False,0,False,False,False,True,False,False,False,True,4,True,False,False,1,478.59945707023144,282.5292630586773,0.5270819097909956,duckdb,1.6939818972692862
2025-09-14T23:08:02.535907,tpch_sf1,AP,282,261184,1,0,6,12,True,False,True,False,False,False,False,0,False,False,False,True,False,False,True,True,5,False,False,False,1,3.440774977207184,20.821464946493506,-1.8002876930906488,postgres,6.051388156569867
2025-09-14T23:08:02.541398,tpch_sf1,AP,283,79508,1,0,7,6,True,False,True,False,False,False,False,0,False,False,False,True,False,False,False,True,2,False,False,False,1,0.35703403409570456,3.3566979691386223,-2.240881911627266,postgres,9.40161902951483
2025-09-14T23:08:02.545696,tpch_sf1,AP,284,300489,1,0,4,6,True,False,False,True,False,False,False,0,False,False,False,True,False,False,False,True,2,False,False,False,1,0.32180105336010456,2.275853999890387,-1.9561771376223673,postgres,7.072239124536493
2025-09-14T23:12:15.683938,tpch_sf1,AP,287,928562,8,7,6,47,True,False,False,False,False,False,True,7,False,False,True,False,False,False,True,True,5,False,False,True,1,3052.675719023682,2712.4989009462297,0.11814817727022817,duckdb,1.1254108593219283
2025-09-14T23:12:15.980427,tpch_sf1,AP,290,612912,6,5,6,35,True,True,True,False,False,False,False,5,False,False,True,False,False,False,True,True,4,True,False,True,1,142.09983102045953,138.77231208607554,0.023695298417097645,duckdb,1.0239782625537006
2025-09-14T23:18:21.594541,tpch_sf1,AP,294,415717,2,1,3,11,True,False,True,True,False,False,False,1,False,False,False,True,False,False,False,True,2,False,False,False,1,376.94095994811505,609.7508230013773,-0.4809618165588554,postgres,1.6176295170609951
2025-09-14T23:20:46.579620,tpch_sf1,AP,295,714037,4,3,6,25,True,True,True,True,False,False,False,3,False,False,True,False,False,False,False,True,4,True,False,False,1,120000,24941.211212077178,1.5709702386702178,duckdb,4.811314052859346
2025-09-14T23:20:46.609090,tpch_sf1,AP,298,869911,2,1,4,13,True,False,True,False,False,False,False,1,False,False,False,True,False,False,True,True,3,False,False,False,1,0.4278559936210513,25.467960978858173,-4.086389833509135,postgres,59.52460958491316
2025-09-14T23:24:58.492524,tpch_sf1,AP,303,35279,1,0,3,6,True,True,False,True,False,False,False,0,False,False,False,True,False,False,False,True,2,True,False,False,1,301.62727006245404,313.32467996980995,-0.03804791907165153,postgres,1.0387810091074785
2025-09-14T23:32:59.018395,tpch_sf1,AP,308,853867,2,1,4,13,True,True,False,False,False,False,False,1,False,False,False,True,False,False,False,True,3,True,False,False,1,233.7028180481866,232.8290200093761,0.003745935386583194,duckdb,1.0037529601712678
2025-09-14T23:32:59.111075,tpch_sf1,AP,309,734422,1,0,2,4,True,True,False,True,False,False,False,0,False,False,False,True,False,False,True,False,1,True,False,False,1,20.86523501202464,69.56040591467172,-1.2041111474933093,postgres,3.333794509124102
2025-09-14T23:33:00.251229,tpch_sf1,AP,310,66604,8,7,5,45,True,True,True,False,False,False,True,7,False,False,True,False,False,False,True,True,4,True,False,True,1,825.0938260462135,310.8027500566095,0.9763386416386098,duckdb,2.654718550257136
2025-09-14T23:37:00.398988,tpch_sf1,AP,312,44493,2,1,3,11,True,False,False,True,False,False,False,1,False,False,False,True,False,False,True,True,2,False,False,False,1,47.77106503024697,52.40570497699082,-0.09259533689388622,postgres,1.097017722837231
2025-09-14T23:37:00.472787,tpch_sf1,AP,316,274320,1,0,4,4,True,False,False,True,False,False,False,0,False,False,False,True,False,False,True,False,1,False,False,False,1,18.65696895401925,50.808279076591134,-1.0018395685050667,postgres,2.723286896269695
2025-09-14T23:37:00.479442,tpch_sf1,AP,318,406157,1,0,6,8,True,False,True,True,False,False,False,0,False,False,False,True,False,False,True,True,3,False,False,False,1,0.4175149369984865,3.50658199749887,-2.128076731239345,postgres,8.398698314143385
2025-09-14T23:37:01.858857,tpch_sf1,AP,319,649593,2,1,6,15,True,True,True,True,False,False,False,1,False,False,False,True,False,False,False,True,4,True,False,False,1,1141.4266159990802,234.90504000801593,1.5808528291537938,duckdb,4.859098025142969
2025-09-14T23:37:01.931087,tpch_sf1,AP,320,22719,4,3,5,21,True,False,False,False,False,False,False,3,False,False,True,False,False,False,False,False,2,False,False,False,1,0.5245610373094678,69.40783001482487,-4.88519317111352,postgres,132.316022499165
2025-09-14T23:43:08.220901,tpch_sf1,AP,326,516207,1,0,4,6,True,True,False,False,False,False,False,0,False,False,False,True,False,False,False,True,2,True,False,False,1,31.66439908090979,27.22778799943626,0.1509549229650411,duckdb,1.1629442348223582
2025-09-14T23:43:08.249954,tpch_sf1,AP,327,995855,1,0,5,8,True,False,True,True,False,False,False,0,False,False,False,True,False,False,False,True,3,False,False,False,1,6.583682959899306,20.11908497661352,-1.1170745567961862,postgres,3.055901248458846
2025-09-14T23:45:08.562484,tpch_sf1,AP,330,271375,6,5,7,35,True,False,True,False,False,False,True,5,False,False,True,False,False,False,True,True,4,False,False,True,1,120000,286.7938519921154,6.03648334983712,duckdb,418.41901130885844
2025-09-14T23:46:19.045560,tpch_sf1,AP,333,265787,8,7,4,43,True,False,False,False,False,False,True,7,False,False,True,False,False,False,False,False,3,False,False,True,1,53624.3685700465,16851.88997699879,1.1575407869458894,duckdb,3.1820981885852926
2025-09-14T23:46:19.077256,tpch_sf1,AP,335,20932,2,1,6,13,True,True,False,False,False,False,False,1,False,False,False,True,False,False,True,False,3,True,False,False,1,1.1461389949545264,27.28491206653416,-3.1699349798724676,postgres,23.805936441082963
2025-09-14T23:46:19.081658,tpch_sf1,AP,336,962754,1,0,3,4,True,False,False,False,False,False,False,0,False,False,False,True,False,False,True,False,1,False,False,False,1,0.2874321071431041,2.618717961013317,-2.209453465855325,postgres,9.110735703960636
2025-09-14T23:46:19.096804,tpch_sf1,AP,337,265775,2,1,8,21,True,True,True,False,False,False,False,1,False,False,False,True,False,False,False,True,7,True,False,False,1,0.36805402487516403,13.161988114006817,-3.5768585318420603,postgres,35.761022090360456
2025-09-14T23:46:19.101716,tpch_sf1,AP,338,597984,1,0,5,8,True,True,True,False,False,False,False,0,False,False,False,True,False,False,True,False,3,True,False,False,1,0.3368710167706013,3.0574739212170243,-2.20564422054258,postgres,9.076096692815426
2025-09-14T23:46:27.665874,tpch_sf1,AP,339,813045,2,1,2,9,True,True,True,False,False,False,False,1,False,False,False,True,False,False,False,False,1,True,False,False,1,7934.804285992868,627.3405170068145,2.537524485466801,duckdb,12.648321080633592
2025-09-14T23:46:27.719258,tpch_sf1,AP,340,388515,4,3,7,27,True,False,True,True,False,False,False,3,False,False,True,False,False,False,False,True,5,False,False,False,1,0.49203902017325163,50.680756103247404,-4.6347435308453795,postgres,103.00149790031332
2025-09-14T23:46:34.667936,tpch_sf1,AP,342,513073,1,0,6,10,True,True,False,False,False,False,False,0,False,False,False,True,False,False,False,True,4,True,False,False,1,4377.897378988564,2415.7695239409804,0.5945506788656977,duckdb,1.8122164948279729
2025-09-14T23:46:34.699608,tpch_sf1,AP,345,152135,3,2,3,14,True,True,False,False,False,False,False,2,False,False,False,False,False,False,True,False,1,True,False,False,1,0.49893208779394627,26.94458595942706,-3.9890676742278934,postgres,54.00451608266753
2025-09-14T23:46:35.026523,tpch_sf1,AP,346,85646,7,6,6,42,True,False,False,False,False,False,False,6,False,False,True,False,False,False,True,True,5,False,False,True,1,227.9689060524106,95.4551890026778,0.8705523304278591,duckdb,2.3882295811704424
2025-09-14T23:46:57.814931,tpch_sf1,AP,348,605936,4,3,4,23,True,False,False,False,False,False,True,3,False,False,True,False,False,False,False,True,3,False,False,False,1,20631.73334498424,2153.0291410163045,2.2599545907883813,duckdb,9.582654016120445
2025-09-14T23:46:58.322000,tpch_sf1,AP,350,543533,3,2,5,18,True,True,True,True,False,False,False,2,False,False,False,False,False,False,False,True,3,True,False,False,1,85.26954799890518,418.23870898224413,-1.5902349517263112,postgres,4.904901207962474
2025-09-14T23:46:59.162857,tpch_sf1,AP,354,543258,3,2,3,14,True,True,True,True,False,False,False,2,False,False,False,False,False,False,False,False,1,True,False,False,1,722.1596400486305,113.7657449580729,1.8481047570865203,duckdb,6.347777534571364
2025-09-14T23:46:59.201255,tpch_sf1,AP,357,149100,2,1,3,11,True,False,False,False,False,False,False,1,False,False,False,True,False,False,False,True,2,False,False,False,1,3.681582980789244,25.645173038356006,-1.9410125507558469,postgres,6.965800627657804
2025-09-14T23:46:59.216141,tpch_sf1,AP,359,60754,1,0,6,6,True,True,False,True,False,False,False,0,False,False,False,True,False,False,False,False,2,True,False,False,1,0.3489350201562047,12.11428502574563,-3.547254899684648,postgres,34.71788248804185
2025-09-14T23:53:14.978763,tpch_sf1,AP,364,376555,1,0,5,10,True,True,False,True,False,False,False,0,False,False,False,True,False,False,True,True,4,True,False,False,1,2322.4669800838456,2521.706740022637,-0.0823059758582125,postgres,1.0857879839185478
2025-09-14T23:53:15.024041,tpch_sf1,AP,367,163618,1,0,4,6,True,True,True,True,False,False,False,0,False,False,False,True,False,False,False,True,2,True,False,False,1,20.260349032469094,20.907837082631886,-0.03145834237759016,postgres,1.0319583857674481
2025-09-14T23:53:15.130612,tpch_sf1,AP,369,63303,4,3,4,23,True,True,True,False,False,False,False,3,False,False,True,False,False,False,False,True,3,True,False,False,1,24.21680500265211,78.2441379269585,-1.17278709818184,postgres,3.230985174071872
2025-09-14T23:53:15.219616,tpch_sf1,AP,370,993915,1,0,7,12,True,False,True,False,False,False,False,0,False,False,False,True,False,False,False,True,5,False,False,False,1,35.92117002699524,50.73829193133861,-0.34535407440791943,postgres,1.4124899576825616
2025-09-14T23:57:15.262152,tpch_sf1,AP,372,614841,1,0,5,10,True,True,True,False,False,False,False,0,False,False,False,True,False,False,True,True,4,True,False,False,1,13.145208009518683,11.864357977174222,0.10251850451104216,duckdb,1.1079578039375313
2025-09-14T23:57:15.333752,tpch_sf1,AP,374,585731,3,2,3,14,True,True,False,False,False,False,False,2,False,False,False,False,False,False,True,False,1,True,False,False,1,0.6404259474948049,67.85023992415518,-4.662924703414524,postgres,105.94548860733907
2025-09-14T23:57:15.354038,tpch_sf1,AP,376,216683,4,3,6,27,True,False,True,False,False,False,False,3,False,False,True,False,False,False,True,True,5,False,False,False,1,0.5131770158186555,16.59237698186189,-3.4760778051850636,postgres,32.332658070027904
2025-09-14T23:57:17.507319,tpch_sf1,AP,378,938493,1,0,5,6,True,True,False,False,False,False,False,0,False,False,False,True,False,False,False,False,2,True,False,False,1,1427.5773459812626,700.2338870661333,0.7123197192698557,duckdb,2.0387150241508314
2025-09-14T23:57:18.226315,tpch_sf1,AP,379,728078,1,0,7,8,True,False,True,False,False,False,False,0,False,False,False,True,False,False,True,True,3,False,False,False,1,253.826302010566,462.1447109384462,-0.5992278864417273,postgres,1.8207124607567602
2025-09-15T00:01:18.400745,tpch_sf1,AP,383,528259,7,6,5,34,True,False,True,False,False,False,True,6,False,False,True,False,False,False,True,True,1,False,False,True,1,84.4464210094884,68.61681002192199,0.2075797135967444,duckdb,1.2306958161201185
2025-09-15T00:01:18.453078,tpch_sf1,AP,385,920110,1,0,5,10,True,True,False,False,False,False,False,0,False,False,False,True,False,False,False,True,4,True,False,False,1,18.698585918173194,29.559343005530536,-0.4579519683868175,postgres,1.5808330712752856
2025-09-15T00:01:18.567132,tpch_sf1,AP,386,376756,6,5,7,35,True,True,True,False,False,False,True,5,False,False,True,False,False,False,True,True,4,True,False,True,1,1.1351910652592778,110.08171399589628,-4.574421968319362,postgres,96.9719700628137
2025-09-15T00:05:32.742488,tpch_sf1,AP,392,260014,5,4,4,26,True,False,False,False,False,False,False,4,False,False,True,False,False,False,True,True,2,False,False,False,1,1574.5494980365038,1462.3611700953916,0.0739168291820875,duckdb,1.0767172503177134
2025-09-15T00:05:34.768530,tpch_sf1,AP,395,262652,4,3,7,27,True,True,True,False,False,False,False,3,False,False,True,False,False,False,True,True,5,True,False,False,1,522.7579729398713,1489.192386972718,-1.046870639716498,postgres,2.848722475905706
2025-09-15T00:05:34.785070,tpch_sf1,AP,399,654390,1,0,6,12,True,True,False,False,False,False,False,0,False,False,False,True,False,False,False,True,5,True,False,False,1,1.0407069930806756,11.359260068275034,-2.390132993104364,postgres,10.914945458999586
2025-09-15T00:11:37.380471,tpch_sf1,AP,402,388210,6,5,6,33,True,False,False,False,False,False,True,5,False,False,True,False,False,False,False,True,3,False,False,True,1,1380.4207410430536,1156.8382390541956,0.17669770974840449,duckdb,1.1932703246148346
2025-09-15T00:11:37.393645,tpch_sf1,AP,404,810426,1,0,3,6,True,False,True,True,False,False,False,0,False,False,False,True,False,False,False,True,2,False,False,False,1,0.28150295838713646,10.44466404709965,-3.613703552588339,postgres,37.103212367436804
2025-09-15T00:11:38.743916,tpch_sf1,AP,408,423680,4,3,7,29,True,True,False,False,False,False,False,3,False,False,True,False,False,False,True,True,6,True,False,False,1,0.5052040796726942,1345.2868510503322,-7.887155354629826,postgres,2662.858249129542
2025-09-15T00:11:38.788915,tpch_sf1,AP,411,900840,2,1,6,13,True,False,False,False,False,False,False,1,False,False,False,True,False,False,True,False,3,False,False,False,1,0.3804250154644251,41.108909994363785,-4.682691075716628,postgres,108.0604805763832
2025-09-15T00:11:40.347693,tpch_sf1,AP,412,71008,3,2,2,14,True,False,False,False,False,False,False,2,False,False,False,False,False,False,True,False,1,False,False,False,1,413.5532380314544,1142.5675139762461,-1.0162469582682883,postgres,2.7628063545456842
2025-09-15T00:11:40.463777,tpch_sf1,AP,413,176333,5,4,7,32,True,True,True,False,False,False,False,4,False,False,True,False,False,False,True,True,5,True,False,False,1,25.119623984210193,87.46597997378558,-1.2476005447550187,postgres,3.481978075339238
2025-09-15T00:11:50.545782,tpch_sf1,AP,415,171313,3,2,3,16,True,True,True,True,False,False,False,2,False,False,False,False,False,False,False,False,2,True,False,False,1,9376.174410921521,702.3941220249981,2.5914324396207573,duckdb,13.348879378275642
2025-09-15T00:15:52.556743,tpch_sf1,AP,420,970205,1,0,4,6,True,True,False,False,False,False,False,0,False,False,False,True,False,False,False,True,2,True,False,False,1,935.7963390648365,976.4077250147238,-0.042482383886066594,postgres,1.0433976755994485
2025-09-15T00:15:52.596165,tpch_sf1,AP,423,710658,4,3,7,27,True,False,True,False,False,False,False,3,False,False,True,False,False,False,True,True,5,False,False,False,1,0.8049630559980869,33.858334994874895,-3.739144098065797,postgres,42.06197382921305
2025-09-15T00:22:03.259202,tpch_sf1,AP,426,301836,3,2,4,18,True,True,False,True,False,False,False,2,False,False,False,False,False,False,False,True,3,True,False,False,1,28.227798058651388,22.227770066820085,0.23896482811486883,duckdb,1.2699338698301403
2025-09-15T00:22:03.316779,tpch_sf1,AP,427,347318,2,1,5,15,True,True,True,False,False,False,False,1,False,False,False,True,False,False,False,True,4,True,False,False,1,27.700401027686894,27.818422997370362,-0.004251608334221227,postgres,1.0042606592433627
2025-09-15T00:28:08.341890,tpch_sf1,AP,433,279099,2,1,2,9,True,True,False,True,False,False,False,1,False,False,False,True,False,False,False,False,1,True,False,False,1,17.467807978391647,17.905427957884967,-0.024744261951562915,postgres,1.0250529419624186
2025-09-15T00:32:15.780157,tpch_sf1,AP,448,364577,3,2,8,22,True,True,True,False,False,False,False,2,False,False,False,False,False,False,True,True,5,True,False,False,1,76.72926608938724,75.91041398700327,0.01072931962860809,duckdb,1.0107870851886562
2025-09-15T00:32:19.778107,tpch_sf1,AP,449,94681,3,2,5,18,True,False,False,False,False,False,False,2,False,False,False,False,False,False,False,True,3,False,False,False,1,2304.1023790137842,1691.125629004091,0.3092968172967764,duckdb,1.3624667141794056
2025-09-15T00:32:19.804188,tpch_sf1,AP,450,870730,1,0,4,8,True,True,False,True,False,False,False,0,False,False,False,True,False,False,False,True,3,True,False,False,1,7.124711060896516,16.772464965470135,-0.856169379169067,postgres,2.354125637111749
2025-09-15T00:32:19.817407,tpch_sf1,AP,451,227287,1,0,5,6,True,False,False,False,False,False,False,0,False,False,False,True,False,False,True,True,2,False,False,False,1,0.32023806124925613,11.344291036948562,-3.5674052434166734,postgres,35.42455569676577
2025-09-15T00:32:28.825346,tpch_sf1,AP,454,25035,5,4,3,24,True,True,True,False,False,False,True,4,False,False,True,False,False,False,False,False,1,True,False,False,1,4426.3502130052075,4488.064054050483,-0.013846075612579917,postgres,1.0139423764671742
2025-09-15T00:32:28.843013,tpch_sf1,AP,455,855868,1,0,8,12,True,True,True,False,False,False,False,0,False,False,False,True,False,False,True,True,5,True,False,False,1,0.4562579561024904,14.740027021616697,-3.4752636561810033,postgres,32.30634518142102
2025-09-15T00:32:30.725471,tpch_sf1,AP,457,109443,3,2,5,16,True,True,False,True,False,False,True,2,False,False,False,False,False,False,False,True,2,True,False,False,1,1243.422735016793,634.1908719623461,0.6732731572186539,duckdb,1.9606443264775006
2025-09-15T00:32:30.753579,tpch_sf1,AP,458,145223,1,0,3,6,True,True,False,True,False,False,False,0,False,False,False,True,False,False,True,True,2,True,False,False,1,6.9126279558986425,18.981726956553757,-1.0101268997936723,postgres,2.7459494533271362
2025-09-15T00:32:30.874575,tpch_sf1,AP,460,408572,4,3,7,27,True,False,True,False,False,False,True,3,False,False,True,False,False,False,True,True,5,False,False,False,1,26.25731297302991,90.39207501336932,-1.2362120580863922,postgres,3.442548561850756
2025-09-15T00:32:30.986344,tpch_sf1,AP,462,75512,5,4,6,28,True,False,False,False,False,False,False,4,False,False,True,False,False,False,True,False,3,False,False,False,1,23.987599997781217,79.42487194668502,-1.1972745378291956,postgres,3.311080389619286
2025-09-15T00:34:10.530480,tpch_sf1,AP,463,392482,2,1,3,9,True,False,True,True,False,False,False,1,False,False,False,True,False,False,False,True,1,False,False,False,1,81518.43122194987,18023.16890307702,1.5091710531450417,duckdb,4.522979929907474
2025-09-15T00:34:10.557482,tpch_sf1,AP,464,520956,3,2,3,14,True,True,False,True,False,False,False,2,False,False,False,False,False,False,False,False,1,True,False,False,1,0.42593199759721756,24.469303083606064,-4.050894972116375,postgres,57.44884916287847
2025-09-15T00:34:10.930351,tpch_sf1,AP,465,842366,3,2,2,14,True,False,False,True,False,False,False,2,False,False,False,False,False,False,True,False,1,False,False,False,1,14.70456609968096,355.4368099430576,-3.1851894190568637,postgres,24.17186658440533
2025-09-15T00:34:13.860675,tpch_sf1,AP,466,568735,1,0,4,8,True,True,False,False,False,False,False,0,False,False,False,True,False,False,True,False,3,True,False,False,1,1156.0920309275389,1771.8894730787724,-0.4270010975181296,postgres,1.5326543438390245
2025-09-15T00:34:13.919584,tpch_sf1,AP,467,730912,3,2,6,20,True,False,True,False,False,False,False,2,False,False,False,False,False,False,False,True,4,False,False,False,1,0.577672035433352,56.20733997784555,-4.5777963370539645,postgres,97.29974194731534
2025-09-15T00:34:14.088678,tpch_sf1,AP,468,150359,2,1,7,15,True,True,True,False,False,False,False,1,False,False,False,True,False,False,True,True,4,True,False,False,1,118.65740094799548,47.74599801748991,0.9103451049741116,duckdb,2.4851800334036356
2025-09-15T00:34:14.104045,tpch_sf1,AP,470,475724,1,0,4,6,True,False,True,False,False,False,False,0,False,False,False,True,False,False,False,True,2,False,False,False,1,0.38847001269459724,12.3631990281865,-3.460263539146672,postgres,31.82536263849548
2025-09-15T00:38:14.456926,tpch_sf1,AP,473,973196,3,2,4,14,True,True,False,False,False,False,False,2,False,False,False,False,False,False,True,False,1,True,False,False,1,166.4263280108571,169.22221798449755,-0.01666001342603257,postgres,1.0167995653515713
2025-09-15T00:41:06.084854,tpch_sf1,AP,478,140059,3,2,5,20,True,False,True,False,False,False,False,2,False,False,False,False,False,False,True,True,4,False,False,False,1,120000,51555.17861805856,0.8448390792063948,duckdb,2.327603224673279
2025-09-15T00:41:19.375860,tpch_sf1,AP,481,383752,6,5,6,37,True,False,True,True,False,False,True,5,False,False,True,False,False,False,False,True,5,False,False,True,1,10864.339367952198,2422.024008934386,1.5008822502372345,duckdb,4.485644786292669
2025-09-15T00:41:19.775683,tpch_sf1,AP,484,413707,6,5,2,27,False,False,False,True,False,False,True,5,False,False,True,False,False,False,True,False,0,False,False,True,1,0.7519739447161555,394.60247696843,-6.262932474347974,postgres,524.7555181148981
2025-09-15T00:41:19.791322,tpch_sf1,AP,485,742702,2,1,5,11,True,True,False,False,False,False,False,1,False,False,False,True,False,False,False,False,2,True,False,False,1,0.434496090747416,13.07079300750047,-3.4039485311132847,postgres,30.082648120069887
2025-09-15T00:41:20.254256,tpch_sf1,AP,488,946757,1,0,6,8,True,True,True,False,False,False,False,0,False,False,False,True,False,False,False,True,3,True,False,False,1,84.48170498013496,374.7816119575873,-1.4898084864043164,postgres,4.436245836251926
2025-09-15T00:41:20.710977,tpch_sf1,AP,489,796633,2,1,3,9,True,False,True,False,False,False,False,1,False,False,False,True,False,False,False,True,1,False,False,False,1,393.2115939678624,61.08387606218457,1.8620999369076932,duckdb,6.437240386768603
2025-09-15T00:41:23.052627,tpch_sf1,AP,494,414010,9,8,4,46,True,False,True,False,False,False,True,8,False,False,True,False,False,False,False,True,2,False,False,True,1,1819.5647080428898,515.6928030773997,1.2608413347384235,duckdb,3.528388795004753
2025-09-15T00:41:23.122151,tpch_sf1,AP,495,494933,2,1,2,9,True,True,True,False,False,False,False,1,False,False,False,True,False,False,False,False,1,True,False,False,1,0.40154997259378433,66.9491650769487,-5.116356889813474,postgres,166.72685754277404
2025-09-15T00:47:24.461263,tpch_sf1,AP,502,582058,8,7,5,43,True,True,True,False,False,False,True,7,False,False,True,False,False,False,True,False,3,True,False,True,1,47.0341918990016,49.4514899328351,-0.05011736327018147,postgres,1.0513944842302014
2025-09-15T00:47:24.468970,tpch_sf1,AP,503,496857,3,2,4,18,True,True,False,True,False,False,False,2,False,False,False,False,False,False,False,True,3,True,False,False,1,2.361753024160862,3.0650440603494644,-0.26065779446190734,postgres,1.2977834807424387
2025-09-15T00:51:24.493058,tpch_sf1,AP,508,467623,7,6,2,32,False,False,False,False,False,False,True,6,False,False,True,False,False,False,True,True,0,False,False,True,1,2.762823016382754,2.714577945880592,0.017616500427996923,duckdb,1.0177725861861415
2025-09-15T00:53:30.851610,tpch_sf1,AP,509,251462,5,4,4,28,True,True,True,False,False,False,False,4,False,False,True,False,False,False,False,True,3,True,False,False,1,106700.86586696561,18830.953749013133,1.7345272813500778,duckdb,5.666248629204851
2025-09-15T00:54:30.992259,tpch_sf1,AP,510,931029,5,4,4,26,True,True,False,False,False,False,False,4,False,False,True,False,False,False,False,True,2,True,False,False,1,53697.855700040236,6437.555739074014,2.1212241451703,duckdb,8.341342254189819
2025-09-15T00:54:30.997888,tpch_sf1,AP,513,828973,1,0,3,4,True,True,False,False,False,False,False,0,False,False,False,True,False,False,False,False,1,True,False,False,1,0.2794540487229824,2.3575479863211513,-2.132539495254996,postgres,8.436263482652723
2025-09-15T00:54:33.372119,tpch_sf1,AP,516,355867,2,1,5,13,True,False,True,False,False,False,False,1,False,False,False,True,False,False,True,True,3,False,False,False,1,437.08424002397805,1933.5324119310826,-1.4869779288020366,postgres,4.423706541844224
2025-09-15T00:54:39.764667,tpch_sf1,AP,518,151753,4,3,7,21,True,False,True,False,False,False,True,3,False,False,True,False,False,False,False,True,2,False,False,False,1,5825.891506043263,562.5016590347514,2.337673231501644,duckdb,10.35710990797867
2025-09-15T00:58:45.137620,tpch_sf1,AP,521,732220,1,0,5,6,True,False,True,False,False,False,False,0,False,False,False,True,False,False,False,True,2,False,False,False,1,2.8775729006156325,2.6657460257411003,0.07646324294320564,duckdb,1.0794625117430843
2025-09-15T00:58:50.085704,tpch_sf1,AP,522,366281,1,0,6,8,True,True,True,True,False,False,False,0,False,False,False,True,False,False,False,True,3,True,False,False,1,4253.347974969074,692.29588995222,1.815448259750884,duckdb,6.1438295917987125
2025-09-15T00:58:59.761528,tpch_sf1,AP,523,430222,3,2,6,18,True,False,False,False,False,False,False,2,False,False,False,False,False,False,True,True,3,False,False,False,1,7994.534663041122,1678.3104029018432,1.5609705663064517,duckdb,4.763442238824451
2025-09-15T00:59:00.954681,tpch_sf1,AP,525,22653,7,6,6,36,True,False,True,True,False,False,True,6,False,False,True,False,False,False,True,True,2,False,False,True,1,0.8290900150313973,1187.135203042999,-7.266724838350488,postgres,1431.8532143919772
2025-09-15T01:00:02.346899,tpch_sf1,AP,527,133643,5,4,5,28,True,True,False,False,False,False,True,4,False,False,True,False,False,False,True,True,3,True,False,False,1,53179.86510402989,8107.920615002513,1.8808384116245953,duckdb,6.559001700834167
2025-09-15T01:00:03.686935,tpch_sf1,AP,532,604664,3,2,4,14,True,True,True,False,False,False,True,2,False,False,False,False,False,False,False,False,1,True,False,False,1,1006.071149953641,317.07239197567105,1.154677960099168,duckdb,3.173001419911819
2025-09-15T01:04:15.271088,tpch_sf1,AP,539,657910,3,2,2,12,False,True,False,False,False,False,False,2,False,False,False,False,False,False,True,False,0,False,False,False,1,227.71111596375704,216.58390993252397,0.05009974323901176,duckdb,1.0513759587898275
2025-09-15T01:04:15.381687,tpch_sf1,AP,540,146711,7,6,4,38,True,True,False,False,False,False,True,6,False,False,True,False,False,False,True,False,3,True,False,True,1,12.499605887569487,93.65304803941399,-2.013899860681048,postgres,7.492480073515707
2025-09-15T01:04:17.608283,tpch_sf1,AP,541,635091,3,2,3,16,True,True,False,False,False,False,False,2,False,False,False,False,False,False,False,False,2,True,False,False,1,1800.2821760019287,423.29090705607086,1.4476390298338864,duckdb,4.253061301322629
2025-09-15T01:04:18.120160,tpch_sf1,AP,543,409047,3,2,7,22,True,True,False,False,False,False,False,2,False,False,False,False,False,False,True,True,5,True,False,False,1,124.46725904010236,382.30251299683005,-1.1221695123221753,postgres,3.0715106602745643
2025-09-15T01:06:13.482669,tpch_sf1,AP,544,623745,3,2,6,18,True,True,True,False,False,False,False,2,False,False,False,False,False,False,False,True,3,True,False,False,1,57927.12016997393,57432.34812200535,0.008577970913582865,duckdb,1.008614867128844
2025-09-15T01:06:13.594148,tpch_sf1,AP,548,41565,1,0,7,6,True,True,True,False,False,False,False,0,False,False,False,True,False,False,True,True,2,True,False,False,1,31.114206067286432,75.82895993255079,-0.8908157752213793,postgres,2.4371169802168784
2025-09-15T01:06:13.601340,tpch_sf1,AP,550,191301,4,3,3,21,True,False,True,True,False,False,False,3,False,False,True,False,False,False,True,True,2,False,False,False,1,0.5398140056058764,3.469098941422999,-1.860425521996791,postgres,6.426470794379171
2025-09-15T01:06:20.757057,tpch_sf1,AP,551,878494,8,7,4,41,True,False,True,True,False,False,True,7,False,False,True,False,False,False,False,True,2,False,False,True,1,5586.377580999397,1565.4493740294129,1.2721581366722499,duckdb,3.568545667254798
2025-09-15T01:06:22.937882,tpch_sf1,AP,552,124094,1,0,7,4,True,False,True,False,False,False,False,0,False,False,False,True,False,False,False,True,1,False,False,False,1,1062.1148699428886,1116.3649839581922,-0.049815776290074026,postgres,1.0510774451526328
2025-09-15T01:10:46.706624,tpch_sf1,AP,557,843420,1,0,6,10,True,True,False,False,False,False,False,0,False,False,False,True,False,False,True,True,4,True,False,False,1,8117.313890019432,8037.173249991611,0.009921862176732327,duckdb,1.009971247046081
2025-09-15T01:15:01.504965,tpch_sf1,AP,559,833156,1,0,5,10,True,True,False,False,False,False,False,0,False,False,False,True,False,False,True,False,4,True,False,False,1,11.540957959368825,11.676992988213897,-0.011718224903349445,postgres,1.0117871522731474
2025-09-15T01:15:02.503768,tpch_sf1,AP,562,168111,3,2,3,14,True,True,False,False,False,False,False,2,False,False,False,False,False,False,True,False,1,True,False,False,1,23.228225065395236,971.8006579205394,-3.7337825621204797,postgres,41.837060523763434
2025-09-15T01:15:03.039758,tpch_sf1,AP,564,710792,3,2,2,14,True,True,True,False,False,False,False,2,False,False,False,False,False,False,True,False,1,True,False,False,1,83.40328501071781,449.25249100197107,-1.683897373242858,postgres,5.386508348492982
2025-09-15T01:15:03.241420,tpch_sf1,AP,565,514442,5,4,5,30,True,True,False,False,False,False,True,4,False,False,True,False,False,False,True,True,4,True,False,False,1,81.04059204924852,117.63045703992248,-0.37259782481152726,postgres,1.4515004649575884
2025-09-15T01:15:03.611902,tpch_sf1,AP,569,491868,8,7,2,37,False,False,False,False,False,False,True,7,False,False,True,False,False,False,True,True,0,False,False,True,1,24.799488950520754,340.26421804446727,-2.61889938158582,postgres,13.720614111175957
2025-09-15T01:19:16.345804,tpch_sf1,AP,578,320035,4,3,6,23,True,True,True,True,False,False,False,3,False,False,True,False,False,False,True,True,3,True,False,False,1,3525.5201649852097,3433.9674569200724,0.026311704208916882,duckdb,1.0266609131314397
2025-09-15T01:28:00.508459,tpch_sf1,AP,585,446964,1,0,3,6,True,True,False,False,False,False,False,0,False,False,False,True,False,False,False,False,2,True,False,False,1,12888.558877049945,12918.967086006887,-0.0023565391795067675,postgres,1.0023593180003303
2025-09-15T01:28:01.247346,tpch_sf1,AP,587,419008,4,3,4,19,True,True,True,False,False,False,False,3,False,False,True,False,False,False,True,False,1,True,False,False,1,641.5236350148916,93.2855469873175,1.9281808399144482,duckdb,6.876988512508899
2025-09-15T01:32:05.763617,tpch_sf1,AP,590,285283,1,0,7,12,True,False,True,False,False,False,False,0,False,False,False,True,False,False,True,True,5,False,False,False,1,3.4705960424616933,3.1322870636358857,0.10256292038518763,duckdb,1.1080070159447986
2025-09-15T01:36:19.268587,tpch_sf1,AP,593,147102,3,2,6,18,True,True,True,True,False,False,False,2,False,False,False,False,False,False,False,False,3,True,False,False,1,191.643800935708,171.04376293718815,0.1137189981775353,duckdb,1.1204372357388133
2025-09-15T01:36:19.284733,tpch_sf1,AP,594,188958,3,2,4,18,True,True,False,True,False,False,False,2,False,False,False,False,False,False,True,True,3,True,False,False,1,0.4057300975546241,13.898815028369427,-3.5338707115407995,postgres,34.25630760976072
2025-09-15T01:36:19.288914,tpch_sf1,AP,597,193666,1,0,5,10,True,True,True,False,False,False,False,0,False,False,False,True,False,False,False,True,4,True,False,False,1,0.35412702709436417,0.9576220763847232,-0.9947975254784913,postgres,2.704176758950245
2025-09-15T01:36:19.379929,tpch_sf1,AP,598,993530,1,0,6,10,True,True,True,False,False,False,False,0,False,False,False,True,False,False,True,True,4,True,False,False,1,47.834950033575296,40.44727608561516,0.16775724361614874,duckdb,1.1826494800866831
2025-09-15T01:36:23.070565,tpch_sf1,AP,599,186222,1,0,3,6,True,True,True,True,False,False,False,0,False,False,False,True,False,False,True,True,2,True,False,False,1,3322.038770071231,366.0244580823928,2.205633804276513,duckdb,9.076002154269794
2025-09-15T01:42:32.613239,tpch_sf1,AP,604,96473,1,0,5,4,True,True,True,False,False,False,False,0,False,False,False,True,False,False,False,False,1,True,False,False,1,3293.0461410433054,3150.2651469781995,0.04432639221350469,duckdb,1.0453234846603514
2025-09-15T01:42:33.060854,tpch_sf1,AP,605,974867,2,1,6,17,True,True,False,False,False,False,False,1,False,False,False,True,False,False,False,True,5,True,False,False,1,352.41915797814727,92.02610095962882,1.34274901398601,duckdb,3.829556553012617
2025-09-15T01:42:38.760749,tpch_sf1,AP,606,641975,1,0,7,12,True,True,True,True,False,False,False,0,False,False,False,True,False,False,False,True,5,True,False,False,1,5326.235741027631,371.0109300445765,2.6641685044876167,duckdb,14.356007625941613
2025-09-15T01:42:40.529777,tpch_sf1,AP,607,681180,1,0,3,4,True,True,False,False,False,False,False,0,False,False,False,True,False,False,False,False,1,True,False,False,1,682.5633939588442,1084.2566420324147,-0.4627945009531218,postgres,1.588506872224371
2025-09-15T01:48:40.953363,tpch_sf1,AP,610,506792,6,5,6,31,True,False,False,True,False,False,True,5,False,False,True,False,False,False,False,False,2,False,False,True,1,190.6240729149431,199.4859139667824,-0.04544034320152404,postgres,1.0464885725938375
2025-09-15T01:54:41.896620,tpch_sf1,AP,616,655145,1,0,6,8,True,True,True,True,False,False,False,0,False,False,False,True,False,False,False,False,3,True,False,False,1,76.97311800438911,21.13184309564531,1.2926751897623283,duckdb,3.6425179600283495
2025-09-15T01:54:41.914194,tpch_sf1,AP,623,231952,1,0,3,2,False,True,False,True,False,False,False,0,False,False,False,True,False,False,False,False,0,False,True,False,1,0.28815597761422396,11.706692050211132,-3.7044140049089442,postgres,40.62623356675168
2025-09-15T02:00:51.629368,tpch_sf1,AP,629,822674,1,0,5,8,True,True,False,False,False,False,False,0,False,False,False,True,False,False,True,True,3,True,False,False,1,1767.9519770899788,1707.7655799221247,0.034635963909310764,duckdb,1.035242774462405
2025-09-15T02:03:17.097691,tpch_sf1,AP,631,485494,3,2,7,22,True,True,True,False,False,False,False,2,False,False,False,False,False,False,False,True,5,True,False,False,1,120000,25433.557237964123,1.5514222896088183,duckdb,4.718176025368507
2025-09-15T02:03:17.190564,tpch_sf1,AP,632,623159,3,2,5,20,True,False,True,False,False,False,False,2,False,False,False,False,False,False,True,True,4,False,False,False,1,16.241492005065084,71.19338994380087,-1.4778307734936547,postgres,4.383426714836201
2025-09-15T02:03:17.738476,tpch_sf1,AP,634,776167,2,1,2,9,True,False,False,True,False,False,False,1,False,False,False,True,False,False,True,False,1,False,False,False,1,189.80098608881235,354.38848100602627,-0.6244176338257303,postgres,1.8671582709280528
2025-09-15T02:03:17.813694,tpch_sf1,AP,635,314724,4,3,4,23,True,False,False,True,False,False,True,3,False,False,True,False,False,False,True,False,3,False,False,False,1,0.501768896356225,72.53709097858518,-4.973713661858281,postgres,144.56274891755808
2025-09-15T02:03:21.060738,tpch_sf1,AP,636,76367,2,1,6,15,True,False,False,True,False,False,False,1,False,False,False,True,False,False,False,True,4,False,False,False,1,2094.500008970499,1149.8954748967662,0.5996438188376665,duckdb,1.8214699115661241
2025-09-15T02:03:21.067373,tpch_sf1,AP,638,976912,3,2,6,20,True,False,True,False,False,False,True,2,False,False,False,False,False,False,False,True,4,False,False,False,1,0.4375659627839923,3.345396020449698,-2.034112890807915,postgres,7.645466752406374
2025-09-15T02:03:21.092294,tpch_sf1,AP,640,655970,1,0,4,8,True,False,True,True,False,False,False,0,False,False,False,True,False,False,False,True,3,False,False,False,1,2.849600976333022,19.515985040925443,-1.9240548992759152,postgres,6.848672920529166
2025-09-15T02:09:26.759465,tpch_sf1,AP,643,750326,5,4,4,28,True,False,False,False,False,False,False,4,False,False,True,False,False,False,False,True,3,False,False,False,1,59.520016075111926,53.71408595237881,0.10263738524797061,duckdb,1.108089526607238
2025-09-15T02:15:26.833168,tpch_sf1,AP,648,744001,2,1,2,9,True,False,False,True,False,False,False,1,False,False,False,True,False,False,True,False,1,False,False,False,1,2.067144960165024,1.9688080064952374,0.04874012217012786,duckdb,1.0499474572154146
2025-09-15T02:15:26.875559,tpch_sf1,AP,649,308234,4,3,6,25,True,True,False,False,False,False,False,3,False,False,True,False,False,False,False,True,4,True,False,False,1,3.685915027745068,36.58033802639693,-2.2949920773823433,postgres,9.924357385084832
2025-09-15T02:15:26.890321,tpch_sf1,AP,651,440125,1,0,3,6,True,True,True,False,False,False,False,0,False,False,False,True,False,False,True,True,2,True,False,False,1,0.3104889765381813,12.091918964870274,-3.6621442558771373,postgres,38.94476093705476
2025-09-15T02:21:38.442940,tpch_sf1,AP,657,332923,8,7,2,37,False,False,False,False,False,False,True,7,False,False,True,False,False,False,True,False,0,False,False,True,1,2819.234731956385,2811.7134269559756,0.002671418475580527,duckdb,1.0026749898934588
2025-09-15T02:21:38.461974,tpch_sf1,AP,660,739809,1,0,5,6,True,False,True,True,False,False,False,0,False,False,False,True,False,False,True,True,2,False,False,False,1,0.4729849752038717,13.920023920945823,-3.3820200292549445,postgres,29.43016089453126
2025-09-15T02:21:38.488208,tpch_sf1,AP,661,604412,2,1,6,13,True,True,False,True,False,False,False,1,False,False,False,True,False,False,True,True,3,True,False,False,1,0.616942998021841,23.52788404095918,-3.6411649177312118,postgres,38.13623643739975
2025-09-15T02:21:38.601077,tpch_sf1,AP,662,108217,1,0,4,6,True,False,True,False,False,False,False,0,False,False,False,True,False,False,True,True,2,False,False,False,1,51.11925699748099,59.23773208633065,-0.14739742969588238,postgres,1.1588144187864413
2025-09-15T02:21:38.676435,tpch_sf1,AP,663,887279,7,6,6,40,True,True,True,False,False,False,False,6,False,False,True,False,False,False,True,False,4,True,False,True,1,1.2493618996813893,70.64109505154192,-4.03497911731778,postgres,56.54173948281657
2025-09-15T02:22:35.916911,tpch_sf1,AP,664,97174,7,6,5,38,True,False,False,False,False,False,True,6,False,False,True,False,False,False,True,True,3,False,False,True,1,45884.27483208943,11352.017313009128,1.3967269971531309,duckdb,4.0419489828919835
2025-09-15T02:22:36.477421,tpch_sf1,AP,665,721263,7,6,2,32,False,True,False,False,False,False,True,6,False,False,True,False,False,False,True,False,0,False,False,True,1,16.825375030748546,540.4704300453886,-3.4695517616920895,postgres,32.12234075363392
2025-09-15T02:24:36.528666,tpch_sf1,AP,666,492765,4,3,7,27,True,True,False,False,False,False,False,3,False,False,True,False,False,False,False,True,5,True,False,False,1,120000,43.031606008298695,7.933312152619254,duckdb,2788.647952782842
2025-09-15T02:24:36.544068,tpch_sf1,AP,667,357373,1,0,6,12,True,True,False,False,False,False,False,0,False,False,False,True,False,False,True,True,5,True,False,False,1,0.41495601180940866,13.216533930972219,-3.461051376317864,postgres,31.850445721563947
2025-09-15T02:24:36.959761,tpch_sf1,AP,668,495296,4,3,4,23,True,True,False,False,False,False,False,3,False,False,True,False,False,False,True,False,3,True,False,False,1,342.3033310100436,69.71844600047916,1.5912323454943884,duckdb,4.909795766355593
2025-09-15T02:24:43.217736,tpch_sf1,AP,669,600515,5,4,4,24,True,False,False,False,False,False,True,4,False,False,True,False,False,False,False,False,1,False,False,False,1,4451.093035982922,1803.8548080949113,0.9032237569967848,duckdb,2.4675450684879756
2025-09-15T02:26:57.721463,tpch_sf1,AP,671,182745,6,5,5,35,True,False,False,False,False,False,True,5,False,False,True,False,False,False,False,True,4,False,False,True,1,120000,9723.553139017895,2.5129406418248825,duckdb,12.341167707355208
2025-09-15T02:26:57.760650,tpch_sf1,AP,673,152238,7,6,6,38,True,True,False,False,False,False,True,6,False,False,True,False,False,False,True,False,3,True,False,True,1,0.5955660017207265,35.54396203253418,-4.089013359655525,postgres,59.68097898442749
2025-09-15T02:26:57.816185,tpch_sf1,AP,676,207986,1,0,8,12,True,True,True,False,False,False,False,0,False,False,False,True,False,False,False,True,5,True,False,False,1,30.952151981182396,20.977823063731194,0.38897669247664424,duckdb,1.4754701613770371
2025-09-15T02:34:17.843159,tpch_sf1,AP,686,979265,8,7,5,43,True,True,False,False,False,False,True,7,False,False,True,False,False,False,False,True,3,True,False,True,1,86.91745402757078,78.50243209395558,0.10182925757705602,duckdb,1.107194410531685
2025-09-15T02:38:17.943897,tpch_sf1,AP,690,174515,4,3,2,17,False,True,False,False,False,False,False,3,False,False,True,False,False,False,False,False,0,False,False,False,1,33.69024605490267,31.43621503841132,0.06924778739647258,duckdb,1.0717017304321528
2025-09-15T02:38:17.965238,tpch_sf1,AP,692,153050,1,0,7,12,True,False,True,False,False,False,False,0,False,False,False,True,False,False,False,True,5,False,False,False,1,0.31117897015064955,18.49182299338281,-4.084715699613676,postgres,59.42504078739786
2025-09-15T02:44:18.041272,tpch_sf1,AP,696,436473,2,1,6,15,True,True,False,False,False,False,False,1,False,False,False,True,False,False,False,False,4,True,False,False,1,22.753638913854957,23.336104932241142,-0.025276644274142713,postgres,1.0255988073200686
2025-09-15T02:44:18.482097,tpch_sf1,AP,698,699995,3,2,3,16,True,False,False,False,False,False,False,2,False,False,False,False,False,False,True,False,2,False,False,False,1,107.9626390710473,329.5831539435312,-1.1160434533731782,postgres,3.0527519221407826
2025-09-15T02:46:37.858538,tpch_sf1,AP,701,465333,3,2,7,24,True,False,True,False,False,False,False,2,False,False,False,False,False,False,False,True,6,False,False,False,1,120000,19369.706262019463,1.823781430061529,duckdb,6.195241082994562
2025-09-15T02:46:37.874164,tpch_sf1,AP,702,235881,1,0,2,2,False,False,False,False,False,False,False,0,False,False,False,True,False,False,True,False,0,False,True,False,1,0.33120892476290464,13.536312035284936,-3.710381764936495,postgres,40.86940605533164
2025-09-15T02:46:37.917136,tpch_sf1,AP,705,83601,5,4,7,30,True,True,True,True,False,False,True,4,False,False,True,False,False,False,True,True,4,True,False,False,1,0.7733330130577087,38.3269110461697,-3.9031978048725775,postgres,49.56068136109639
2025-09-15T02:46:38.185582,tpch_sf1,AP,708,177887,1,0,5,8,True,False,True,False,False,False,False,0,False,False,False,True,False,False,False,True,3,False,False,False,1,113.75399609096348,150.68221907131374,-0.28113492207753965,postgres,1.324632314022802
2025-09-15T02:50:44.615679,tpch_sf1,AP,710,439531,6,5,4,31,True,False,False,False,False,False,True,5,False,False,True,False,False,False,False,False,2,False,False,True,1,573.4448590083048,808.0904140369967,-0.3430121670729149,postgres,1.4091859074898319
2025-09-15T02:54:32.134517,tpch_sf1,AP,712,451606,4,3,6,25,True,False,True,False,False,False,False,3,False,False,True,False,False,False,False,True,4,False,False,False,1,120000,102042.1684429748,0.16210559882307243,duckdb,1.175984417334886
2025-09-15T02:54:33.640589,tpch_sf1,AP,714,298306,1,0,4,6,True,False,False,True,False,False,False,0,False,False,False,True,False,False,False,True,2,False,False,False,1,513.0019779317081,990.0714390678331,-0.657497400419057,postgres,1.9299563776723556
2025-09-15T02:54:33.759404,tpch_sf1,AP,715,662432,5,4,7,32,True,True,True,False,False,False,False,4,False,False,True,False,False,False,True,True,5,True,False,False,1,0.6759880343452096,115.75717700179666,-5.143074599147929,postgres,171.2414586064736
2025-09-15T02:54:41.637535,tpch_sf1,AP,719,886314,5,4,7,28,True,True,True,False,False,False,True,4,False,False,True,False,False,False,True,True,3,True,False,False,1,6141.586833982728,1731.77388694603,1.265936899429688,duckdb,3.5464138131874536
2025-09-15T02:55:04.250116,tpch_sf1,AP,721,542410,2,1,4,13,True,True,False,False,False,False,False,1,False,False,False,True,False,False,True,False,3,True,False,False,1,21186.351904994808,1423.1228090357035,2.7005035780074427,duckdb,14.887226717524475
2025-09-15T02:59:11.541571,tpch_sf1,AP,723,377379,7,6,6,40,True,True,False,False,False,False,True,6,False,False,True,False,False,False,False,True,4,True,False,True,1,194.75784397218376,171.42694001086056,0.1275997910033056,duckdb,1.1360982349672992
2025-09-15T02:59:11.947887,tpch_sf1,AP,724,62722,4,3,5,23,True,False,True,True,False,False,False,3,False,False,True,False,False,False,False,True,3,False,False,False,1,1.5195099404081702,401.8111799377948,-5.577594401379903,postgres,264.4347162545448
2025-09-15T02:59:11.969254,tpch_sf1,AP,725,247150,1,0,2,4,True,True,False,False,False,False,False,0,False,False,False,True,False,False,True,True,1,True,False,False,1,3.4599279752001166,16.093707992695272,-1.5371806152611622,postgres,4.651457518205834
2025-09-15T03:03:23.065565,tpch_sf1,AP,728,281709,1,0,6,4,True,True,False,False,False,False,False,0,False,False,False,True,False,False,False,False,1,True,False,False,1,67.41449004039168,45.346919912844896,0.3965177244491261,duckdb,1.4866387875948321
2025-09-15T03:07:28.179759,tpch_sf1,AP,732,441584,1,0,3,4,True,False,False,False,False,False,False,0,False,False,False,True,False,False,False,True,1,False,False,False,1,10.259749949909747,9.760788059793413,0.04985532709512554,duckdb,1.0511190169338533
2025-09-15T03:11:28.869684,tpch_sf1,AP,734,942922,4,3,3,21,True,False,False,False,False,False,False,3,False,False,True,False,False,False,True,True,2,False,False,False,1,251.48931192234159,260.90935699176043,-0.036772564473739854,postgres,1.0374570394161629
2025-09-15T03:11:29.675816,tpch_sf1,AP,737,925191,1,0,4,8,True,True,True,False,False,False,False,0,False,False,False,True,False,False,True,True,3,True,False,False,1,335.19518794491887,466.25078609213233,-0.3300106442131237,postgres,1.390982934303786
2025-09-15T03:15:35.011072,tpch_sf1,AP,743,874485,4,3,5,23,True,True,True,False,False,False,True,3,False,False,True,False,False,False,True,True,3,True,False,False,1,77.67305499874055,73.99317191448063,0.0485355971966874,duckdb,1.0497327386980118
2025-09-15T03:15:43.270421,tpch_sf1,AP,745,618734,2,1,6,15,True,False,True,True,False,False,False,1,False,False,False,True,False,False,True,True,4,False,False,False,1,5843.322594068013,2412.478792015463,0.8846448090791159,duckdb,2.4221239222527267
2025-09-15T03:15:43.672491,tpch_sf1,AP,746,466879,5,4,6,28,True,False,False,False,False,False,False,4,False,False,True,False,False,False,True,False,3,False,False,False,1,27.43960393127054,371.5504250722006,-2.6056972198920474,postgres,13.540662831826692
2025-09-15T03:16:03.897301,tpch_sf1,AP,747,375440,4,3,5,23,True,True,True,False,False,False,True,3,False,False,True,False,False,False,False,True,3,True,False,False,1,17780.421616043895,2441.3004339439794,1.9855670806819727,duckdb,7.283176363229985
2025-09-15T03:16:05.112191,tpch_sf1,AP,749,176456,6,5,2,27,False,False,False,False,False,False,True,5,False,False,True,False,False,False,False,True,0,False,False,True,1,36.561044049449265,1174.5491119800135,-3.4696563151188067,postgres,32.12569943001139
2025-09-15T03:20:17.957392,tpch_sf1,AP,753,274173,4,3,4,23,True,False,True,False,False,False,False,3,False,False,True,False,False,False,False,True,3,False,False,False,1,2048.954713041894,422.8544910438359,1.5780569189511064,duckdb,4.845531397772209
2025-09-15T03:24:21.285220,tpch_sf1,AP,757,211976,6,5,4,33,True,True,False,False,False,False,True,5,False,False,True,False,False,False,False,True,3,True,False,True,1,33.206180087290704,28.981407056562603,0.13608151741644098,duckdb,1.1457752904295735
2025-09-15T03:24:23.221545,tpch_sf1,AP,758,427857,3,2,5,18,True,False,True,False,False,False,False,2,False,False,False,False,False,False,True,True,3,False,False,False,1,552.9595110565424,1380.880558048375,-0.9151918782576275,postgres,2.49725437475507
2025-09-15T03:24:25.465567,tpch_sf1,AP,759,975274,1,0,5,8,True,False,True,False,False,False,False,0,False,False,False,True,False,False,False,True,3,False,False,False,1,754.5133139938116,1486.6452499991283,-0.6782044262447812,postgres,1.9703366692497113
2025-09-15T03:24:26.519631,tpch_sf1,AP,760,711503,2,1,4,13,True,False,False,False,False,False,False,1,False,False,False,True,False,False,True,True,3,False,False,False,1,905.944210011512,145.4991459613666,1.8288075088802238,duckdb,6.226457234684122
2025-09-15T03:24:26.572478,tpch_sf1,AP,761,231444,2,1,4,13,True,True,False,True,False,False,False,1,False,False,False,True,False,False,False,True,3,True,False,False,1,0.44205901212990284,50.215430092066526,-4.7326342460306074,postgres,113.59440417269514
2025-09-15T03:24:53.046622,tpch_sf1,AP,762,398605,3,2,4,16,True,False,False,True,False,False,False,2,False,False,False,False,False,False,False,False,2,False,False,False,1,24738.156276987866,1733.0996179953218,2.658435348161339,duckdb,14.273937874155507
2025-09-15T03:24:54.934075,tpch_sf1,AP,764,451276,3,2,7,20,True,True,True,False,False,False,False,2,False,False,False,False,False,False,True,False,4,True,False,False,1,396.98214700911194,1486.8154680589214,-1.3205005320341876,postgres,3.7452955485799073
2025-09-15T03:24:54.971134,tpch_sf1,AP,765,447082,1,0,4,8,True,True,True,True,False,False,False,0,False,False,False,True,False,False,False,True,3,True,False,False,1,13.274981989525259,21.378270001150668,-0.47649377522634473,postgres,1.6104180041840643
2025-09-15T03:24:56.119850,tpch_sf1,AP,766,251729,4,3,3,19,True,False,False,True,False,False,True,3,False,False,True,False,False,False,True,False,1,False,False,False,1,976.0025469586253,170.38250295445323,1.7454192690675807,duckdb,5.728302672132543
2025-09-15T03:24:57.493805,tpch_sf1,AP,767,96469,1,0,6,10,True,True,True,False,False,False,False,0,False,False,False,True,False,False,False,True,4,True,False,False,1,558.9533359743655,812.6507030101493,-0.37423538564621867,postgres,1.4538793325091073
2025-09-15T03:24:57.579764,tpch_sf1,AP,768,124856,1,0,6,10,True,False,True,False,False,False,False,0,False,False,False,True,False,False,False,True,4,False,False,False,1,37.379564018920064,46.445798012427986,-0.21716186009800922,postgres,1.2425452043506702
2025-09-15T03:24:59.609530,tpch_sf1,AP,770,795039,5,4,4,26,True,True,True,False,False,False,False,4,False,False,True,False,False,False,True,True,2,True,False,False,1,520.0191789772362,1505.889703053981,-1.0632734737899545,postgres,2.895834930580323
2025-09-15T03:26:45.405782,tpch_sf1,AP,771,935040,5,4,4,28,True,True,False,False,False,False,True,4,False,False,True,False,False,False,False,False,3,True,False,False,1,97961.08491299674,7831.830083974637,2.526374097191264,duckdb,12.508070765406812
2025-09-15T03:26:45.439783,tpch_sf1,AP,773,661819,3,2,4,14,True,True,False,True,False,False,True,2,False,False,False,False,False,False,False,True,1,True,False,False,1,3.749387920834124,27.09310792852193,-1.9776867700107004,postgres,7.226008218027903
2025-09-15T03:26:45.522677,tpch_sf1,AP,774,208035,3,2,6,18,True,False,True,False,False,False,False,2,False,False,False,False,False,False,False,True,3,False,False,False,1,2.647654036991298,78.08383007068187,-3.3841090152049444,postgres,29.491704346468776
2025-09-15T03:32:49.860295,tpch_sf1,AP,778,616637,1,0,4,4,True,False,True,True,False,False,False,0,False,False,False,True,False,False,False,True,1,False,False,False,1,2.3526509758085012,2.636766992509365,-0.11401077547404455,postgres,1.120764201584651
2025-09-15T03:36:55.070947,tpch_sf1,AP,780,129265,2,1,3,11,True,True,True,False,False,False,False,1,False,False,False,True,False,False,True,False,2,True,False,False,1,201.4942120295018,192.60298903100193,0.04512963793947186,duckdb,1.0461634735952552
2025-09-15T03:40:57.646439,tpch_sf1,AP,788,749650,6,5,3,29,True,True,True,True,False,False,False,5,False,False,True,False,False,False,True,False,1,True,False,True,1,46.74489097669721,56.36389006394893,-0.1871237405233565,postgres,1.2057764792316426
2025-09-15T03:40:59.279284,tpch_sf1,AP,789,697580,6,5,7,37,True,True,True,False,False,False,True,5,False,False,True,False,False,False,False,True,5,True,False,True,1,164.4334940938279,1464.9374809814617,-2.187061648207816,postgres,8.908996850395633
2025-09-15T03:44:59.463392,tpch_sf1,AP,792,406513,6,5,2,29,True,True,False,True,False,False,False,5,False,False,True,False,False,False,False,True,1,True,False,True,1,86.746548069641,79.89755901508033,0.08224532452489859,duckdb,1.0857221314266678
2025-09-15T03:49:04.291520,tpch_sf1,AP,794,512704,4,3,5,25,True,False,False,False,False,False,True,3,False,False,True,False,False,False,False,True,4,False,False,False,1,24.97632394079119,24.18354991823435,0.032255687192597,duckdb,1.0327815405611354
2025-09-15T03:51:10.082143,tpch_sf1,AP,797,954414,6,5,2,27,False,False,False,False,False,False,False,5,False,False,True,False,False,False,False,True,0,False,False,True,1,120000,3.3396510407328606,10.489380699056364,duckdb,35931.89783495072
2025-09-15T03:55:14.132178,tpch_sf1,AP,801,642654,1,0,5,8,True,True,False,False,False,False,False,0,False,False,False,True,False,False,True,True,3,True,False,False,1,268.97807500790805,267.80191098805517,0.004382301623932857,duckdb,1.0043919179497764
2025-09-15T03:55:14.223942,tpch_sf1,AP,802,256740,7,6,6,38,True,False,True,False,False,False,True,6,False,False,True,False,False,False,False,True,3,False,False,True,1,19.82131600379944,68.46066110301763,-1.2395013653658422,postgres,3.453890805731304
2025-09-15T03:55:14.238390,tpch_sf1,AP,803,359951,1,0,6,12,True,False,True,False,False,False,False,0,False,False,False,True,False,False,False,True,5,False,False,False,1,0.43047801591455936,11.458789929747581,-3.2816161377578763,postgres,26.618757534930438
2025-09-15T03:55:14.299686,tpch_sf1,AP,805,516485,5,4,5,26,True,True,False,False,False,False,True,4,False,False,True,False,False,False,True,False,2,True,False,False,1,11.929067084565759,45.00748298596591,-1.3278507305851663,postgres,3.772925633404992
2025-09-15T03:55:14.719147,tpch_sf1,AP,808,152919,4,3,5,21,True,True,False,False,False,False,False,3,False,False,True,False,False,False,False,False,2,True,False,False,1,225.90303502511233,187.78308504261076,0.1848183649211425,duckdb,1.2029999132981097
2025-09-15T03:55:14.733073,tpch_sf1,AP,809,240985,1,0,3,2,False,True,False,True,False,False,False,0,False,False,False,True,False,False,True,False,0,False,True,False,1,0.35635591484606266,11.854971060529351,-3.5045725651495228,postgres,33.26722124326299
2025-09-15T03:59:23.383318,tpch_sf1,AP,814,98661,7,6,4,38,True,False,True,False,False,False,True,6,False,False,True,False,False,False,True,True,3,False,False,True,1,267.20285695046186,265.1071399450302,0.007874087827521992,duckdb,1.0079051699847321
2025-09-15T03:59:24.906188,tpch_sf1,AP,816,851095,3,2,2,14,True,False,False,True,False,False,True,2,False,False,False,False,False,False,True,True,1,False,False,False,1,406.6278390819207,1112.554430961609,-1.0065155727170851,postgres,2.736050816081655
2025-09-15T04:03:28.776637,tpch_sf1,AP,820,442799,3,2,2,14,True,True,False,False,False,False,True,2,False,False,False,False,False,False,False,False,1,True,False,False,1,1758.0121760256588,1728.508786065504,0.016924661881448373,duckdb,1.0170686953968637
2025-09-15T04:03:28.816243,tpch_sf1,AP,821,385276,7,6,6,38,True,False,False,False,False,False,True,6,False,False,True,False,False,False,False,False,3,False,False,True,1,0.6139400647953153,36.21885599568486,-4.077437837016978,postgres,58.99412348623975
2025-09-15T04:03:28.829469,tpch_sf1,AP,822,659190,1,0,5,8,True,False,True,False,False,False,False,0,False,False,False,True,False,False,True,True,3,False,False,False,1,0.3460140433162451,11.128671001642942,-3.4708006684262767,postgres,32.16248362345142
2025-09-15T04:09:29.166275,tpch_sf1,AP,828,45621,2,1,3,11,True,False,True,True,False,False,False,1,False,False,False,True,False,False,True,True,2,False,False,False,1,14.395104954019189,15.790345962159336,-0.09251052319122964,postgres,1.0969246846477898
2025-09-15T04:13:34.455283,tpch_sf1,AP,830,709806,1,0,4,4,True,True,False,True,False,False,False,0,False,False,False,True,False,False,False,False,1,True,False,False,1,666.0486629698426,802.4415449472144,-0.1862962757704772,postgres,1.2047791543777147
2025-09-15T04:21:59.312132,tpch_sf1,AP,834,620004,3,2,6,14,True,True,True,False,False,False,False,2,False,False,False,False,False,False,True,True,1,True,False,False,1,1614.0410529915243,1607.81490302179,0.003864951012816674,duckdb,1.0038724295676278
2025-09-15T04:21:59.689181,tpch_sf1,AP,835,884998,7,6,7,40,True,False,True,False,False,False,True,6,False,False,True,False,False,False,True,True,4,False,False,True,1,290.82803905475885,82.52015698235482,1.2596895708631155,duckdb,3.5243272636641523
2025-09-15T04:27:51.641610,tpch_sf1,AP,838,640374,9,8,7,54,True,True,True,True,False,False,True,8,False,False,True,False,False,False,True,True,6,True,False,True,1,51004.14338998962,50680.75171997771,0.006360684347162725,duckdb,1.006380956458553
2025-09-15T04:27:57.746583,tpch_sf1,AP,839,524536,7,6,3,36,True,False,False,False,False,False,True,6,False,False,True,False,False,False,True,False,2,False,False,True,1,34.366125939413905,6065.806315978989,-5.173351390123159,postgres,176.50538575901052
2025-09-15T04:28:01.672073,tpch_sf1,AP,840,679992,2,1,7,17,True,False,True,False,False,False,False,1,False,False,False,True,False,False,False,True,5,False,False,False,1,3626.628607045859,294.7556700091809,2.5099119614011927,duckdb,12.303846799394558
2025-09-15T04:28:03.567768,tpch_sf1,AP,841,938320,6,5,5,31,True,True,False,False,False,False,False,5,False,False,True,False,False,False,True,False,2,True,False,True,1,494.68347302172333,1397.5700699957088,-1.0385722337107475,postgres,2.8251804360044517
2025-09-15T04:28:03.574252,tpch_sf1,AP,842,612243,1,0,4,8,True,True,False,True,False,False,False,0,False,False,False,True,False,False,True,True,3,True,False,False,1,0.46479597222059965,3.768065944314003,-2.092718596806192,postgres,8.106924692810415
2025-09-15T04:32:13.084951,tpch_sf1,AP,845,844072,1,0,3,6,True,False,True,False,False,False,False,0,False,False,False,True,False,False,False,True,2,False,False,False,1,50.68687302991748,41.07669205404818,0.21022610514522064,duckdb,1.233957032451015
2025-09-15T04:32:14.765419,tpch_sf1,AP,846,368733,1,0,6,12,True,False,True,True,False,False,False,0,False,False,False,True,False,False,False,True,5,False,False,False,1,602.9232939472422,1074.9983419664204,-0.5782844169524569,postgres,1.7829769603502603
2025-09-15T04:38:15.130778,tpch_sf1,AP,849,947830,1,0,6,12,True,True,True,False,False,False,False,0,False,False,False,True,False,False,True,True,5,True,False,False,1,73.97969800513238,58.02176403813064,0.24297252208350836,duckdb,1.2750335883706418
2025-09-15T04:44:32.088315,tpch_sf1,AP,853,827605,5,4,3,22,False,True,False,True,False,False,True,4,False,False,True,False,False,False,True,False,0,False,False,False,1,52.826925995759666,50.63295492436737,0.042418375375775044,duckdb,1.0433308914059929
2025-09-15T04:48:38.523842,tpch_sf1,AP,857,176971,6,5,3,29,True,True,False,False,False,False,True,5,False,False,True,False,False,False,True,False,1,True,False,True,1,3128.6106780171394,3135.248036007397,-0.0021192561254819342,postgres,1.0021215033359356
2025-09-15T04:54:49.915435,tpch_sf1,AP,860,448075,2,1,2,9,True,False,False,False,False,False,False,1,False,False,False,True,False,False,True,True,1,False,False,False,1,226.5912169823423,202.34512398019433,0.11317281376361496,duckdb,1.1198254374764236
2025-09-15T04:54:50.410664,tpch_sf1,AP,865,327031,5,4,5,28,True,True,False,True,False,False,True,4,False,False,True,False,False,False,True,False,3,True,False,False,1,108.61821298021823,380.9139089426026,-1.2547342883743906,postgres,3.506906424726168
2025-09-15T04:54:50.768601,tpch_sf1,AP,866,801561,1,0,3,6,True,False,True,True,False,False,False,0,False,False,False,True,False,False,False,True,2,False,False,False,1,129.5744919916615,225.71153298486024,-0.5550018377602621,postgres,1.7419441860469378
2025-09-15T04:54:50.795301,tpch_sf1,AP,867,575763,2,1,4,11,True,False,False,False,False,False,False,1,False,False,False,True,False,False,True,False,2,False,False,False,1,0.4426760133355856,24.29163595661521,-4.005049215153931,postgres,54.874524990808816
2025-09-15T04:58:53.641044,tpch_sf1,AP,870,78678,2,1,2,9,True,False,False,False,False,False,False,1,False,False,False,True,False,False,True,False,1,False,False,False,1,24.56096396781504,22.698820917867124,0.07884537081842184,duckdb,1.082036994638878
2025-09-15T04:58:54.023108,tpch_sf1,AP,871,469646,4,3,2,19,True,False,False,True,False,False,False,3,False,False,True,False,False,False,False,False,1,False,False,False,1,97.19975804910064,282.3324790224433,-1.066317157828321,postgres,2.904662364281015
2025-09-15T04:58:56.446561,tpch_sf1,AP,872,380346,8,7,4,41,True,False,True,False,False,False,False,7,False,False,True,False,False,False,True,True,2,False,False,True,1,636.1414339626208,1784.1320110019296,-1.0312663885390594,postgres,2.8046153194083
2025-09-15T04:58:56.911081,tpch_sf1,AP,873,8759,2,1,5,15,True,True,False,True,False,False,False,1,False,False,False,True,False,False,True,True,4,True,False,False,1,364.3253620248288,97.77759900316596,1.3153518183481023,duckdb,3.7260616515346445
2025-09-15T04:58:57.043726,tpch_sf1,AP,874,352928,6,5,6,37,True,False,False,False,False,False,True,5,False,False,True,False,False,False,True,False,5,False,False,True,1,23.642473039217293,106.26078501809388,-1.50285150915135,postgres,4.494486885607621
2025-09-15T05:03:08.724173,tpch_sf1,AP,877,761687,2,1,4,11,True,True,True,False,False,False,False,1,False,False,False,True,False,False,False,True,2,True,False,False,1,1.2602030765265226,1.007337006740272,0.22396265798252668,duckdb,1.2510243027847467
2025-09-15T05:03:10.220882,tpch_sf1,AP,880,683505,1,0,5,8,True,False,True,False,False,False,False,0,False,False,False,True,False,False,False,True,3,False,False,False,1,531.2930359505117,961.8278689449653,-0.5935217784395027,postgres,1.8103528634140738
2025-09-15T05:03:14.725177,tpch_sf1,AP,881,128709,4,3,4,21,True,False,True,False,False,False,False,3,False,False,True,False,False,False,False,True,2,False,False,False,1,4177.459293045104,324.3019899819046,2.555783366555963,duckdb,12.881386553558297
2025-09-15T05:03:14.936128,tpch_sf1,AP,882,972081,1,0,3,4,True,False,False,False,False,False,False,0,False,False,False,True,False,False,False,False,1,False,False,False,1,75.02624206244946,133.68278392590582,-0.5776317628651979,postgres,1.7818136728030778
2025-09-15T05:07:24.772288,tpch_sf1,AP,884,83734,1,0,3,4,True,True,True,False,False,False,False,0,False,False,False,True,False,False,False,True,1,True,False,False,1,294.51817891094834,32.75062202010304,2.19641877435616,duckdb,8.992750694327782
2025-09-15T05:07:24.921477,tpch_sf1,AP,886,810908,2,1,3,11,True,False,False,False,False,False,False,1,False,False,False,True,False,False,False,False,2,False,False,False,1,103.65204291883856,42.58085403125733,0.8896348321061516,duckdb,2.43424058246344
2025-09-15T05:07:55.777308,tpch_sf1,AP,887,197771,6,5,7,35,True,False,True,False,False,False,True,5,False,False,True,False,False,False,False,True,4,False,False,True,1,25494.386438978836,5358.401816920377,1.5597925261455572,duckdb,4.757834016567121
2025-09-15T05:07:55.792041,tpch_sf1,AP,888,872748,1,0,6,10,True,False,False,False,False,False,False,0,False,False,False,True,False,False,True,False,4,False,False,False,1,0.33462001010775566,12.539692921563983,-3.6236587361373336,postgres,37.47442634266224
2025-09-15T05:11:57.379910,tpch_sf1,AP,892,623303,3,2,4,18,True,True,False,False,False,False,False,2,False,False,False,False,False,False,False,False,3,True,False,False,1,289.1691399272531,340.4714100761339,-0.16331938135135932,postgres,1.1774126732948993
2025-09-15T05:11:57.447541,tpch_sf1,AP,894,550662,5,4,4,26,True,True,True,False,False,False,False,4,False,False,True,False,False,False,True,True,2,True,False,False,1,12.921438901685178,50.51313794683665,-1.3633455975566189,postgres,3.9092502260138278
2025-09-15T05:11:57.464852,tpch_sf1,AP,895,62475,1,0,4,6,True,True,True,False,False,False,False,0,False,False,False,True,False,False,False,True,2,True,False,False,1,0.36146806087344885,15.07302699610591,-3.730488447801463,postgres,41.699471205515515
2025-09-15T05:14:02.213934,tpch_sf1,AP,896,642722,2,1,4,9,True,True,True,True,False,False,False,1,False,False,False,True,False,False,False,True,1,True,False,False,1,120000,4739.298913977109,3.231602526458241,duckdb,25.320200767690935
2025-09-15T05:14:02.310615,tpch_sf1,AP,902,375815,4,3,4,21,True,False,True,False,False,False,False,3,False,False,True,False,False,False,False,True,2,False,False,False,1,27.205521939322352,61.35476694907993,-0.8132529038470676,postgres,2.255232121108432
2025-09-15T05:14:02.412670,tpch_sf1,AP,905,676334,4,3,6,27,True,True,False,False,False,False,True,3,False,False,True,False,False,False,True,True,5,True,False,False,1,3.6287070252001286,92.64138899743557,-3.239859613787308,postgres,25.53013741646069
2025-09-15T05:14:02.431440,tpch_sf1,AP,908,61774,1,0,4,6,True,True,True,True,False,False,False,0,False,False,False,True,False,False,True,True,2,True,False,False,1,0.4067220725119114,14.49968502856791,-3.5737521223444184,postgres,35.650106076166466
2025-09-15T05:14:03.662993,tpch_sf1,AP,911,637516,4,3,6,21,True,False,False,True,False,False,False,3,False,False,True,False,False,False,False,True,2,False,False,False,1,1187.5895339762792,38.93120295833796,3.417884868406176,duckdb,30.504825017792857
2025-09-15T05:18:18.463817,tpch_sf1,AP,915,921575,2,1,4,11,True,False,False,False,False,False,False,1,False,False,False,True,False,False,True,False,2,False,False,False,1,13.625724008306861,14.745334046892822,-0.07896721957534855,postgres,1.082168847534516
2025-09-15T05:18:19.302208,tpch_sf1,AP,917,768243,6,5,6,35,True,True,False,True,False,False,True,5,False,False,True,False,False,False,False,False,4,True,False,True,1,544.7169740218669,289.67196797020733,0.6315172082288915,duckdb,1.8804614676346276
2025-09-15T05:24:30.391147,tpch_sf1,AP,922,830824,1,0,3,6,True,True,True,False,False,False,False,0,False,False,False,True,False,False,True,True,2,True,False,False,1,35.78959603328258,35.22687405347824,0.015847978835476013,duckdb,1.015974224081026
2025-09-15T05:28:33.764669,tpch_sf1,AP,926,483698,5,4,2,24,True,True,False,True,False,False,False,4,False,False,True,False,False,False,True,False,1,True,False,False,1,35.229572909884155,38.993475027382374,-0.10150845577231382,postgres,1.1068392775332851
2025-09-15T05:36:46.106990,tpch_sf1,AP,935,716537,5,4,5,30,True,True,True,True,False,False,False,4,False,False,True,False,False,False,True,True,4,True,False,False,1,85.82133206073195,90.95556498505175,-0.05810348938535242,postgres,1.05982467063884
2025-09-15T05:36:46.260463,tpch_sf1,AP,937,338717,7,6,5,38,True,False,False,False,False,False,False,6,False,False,True,False,False,False,True,False,3,False,False,True,1,77.28659105487168,71.5653880033642,0.07690892493141738,duckdb,1.07994371596558
2025-09-15T05:36:46.822953,tpch_sf1,AP,938,898980,6,5,4,33,True,False,False,True,False,False,False,5,False,False,True,False,False,False,False,True,3,False,False,True,1,279.34255194850266,279.39422603230923,-0.00018496754103303065,postgres,1.0001849846485833
2025-09-15T05:40:46.916585,tpch_sf1,AP,941,292831,4,3,6,23,True,False,True,False,False,False,False,3,False,False,True,False,False,False,True,True,3,False,False,False,1,36.426289938390255,36.9973269989714,-0.015554901763912516,postgres,1.0156765089595172
2025-09-15T07:00:41.251630,tpch_sf1,AP,947,706874,2,1,6,13,True,True,False,False,False,False,False,1,False,False,False,True,False,False,False,True,3,True,False,False,1,182.72006197366863,190.15874899923801,-0.03990397871523079,postgres,1.040710839002678
2025-09-15T07:04:54.098122,tpch_sf1,AP,949,248120,5,4,4,26,True,False,False,False,False,False,True,4,False,False,True,False,False,False,False,True,2,False,False,False,1,190.12075092177838,180.6252949172631,0.05123470983803368,duckdb,1.0525699128068677
2025-09-15T07:04:54.689417,tpch_sf1,AP,953,68937,1,0,6,8,True,False,True,False,False,False,False,0,False,False,False,True,False,False,False,True,3,False,False,False,1,267.0863119419664,319.1586929606274,-0.17811657732222946,postgres,1.1949646188905985
2025-09-15T07:04:56.197733,tpch_sf1,AP,955,670343,4,3,7,25,True,False,True,False,False,False,False,3,False,False,True,False,False,False,True,True,4,False,False,False,1,1457.0082540158182,47.28624795097858,3.427920959024797,duckdb,30.812515628778407
2025-09-15T07:10:56.524459,tpch_sf1,AP,962,283016,4,3,3,19,True,False,False,False,False,False,True,3,False,False,True,False,False,False,True,False,1,False,False,False,1,41.562073049135506,35.6379629811272,0.1537766003038264,duckdb,1.1662303221748542
2025-09-15T07:15:12.656328,tpch_sf1,AP,968,943978,1,0,7,12,True,False,True,False,False,False,False,0,False,False,False,True,False,False,False,True,5,False,False,False,1,50.582626019604504,50.14201591257006,0.008748860438335488,duckdb,1.0087872435723908
2025-09-15T07:15:17.657108,tpch_sf1,AP,969,527214,6,5,3,31,True,False,True,False,False,False,True,5,False,False,True,False,False,False,False,True,2,False,False,True,1,22.214945987798274,4975.068702013232,-5.411429153901586,postgres,223.95142012705435
2025-09-15T07:19:17.679848,tpch_sf1,AP,972,824593,1,0,5,10,True,True,True,False,False,False,False,0,False,False,False,True,False,False,False,True,4,True,False,False,1,2.7049820637330413,2.858515945263207,-0.05520730840496023,postgres,1.0567596671300215
2025-09-15T07:19:17.707242,tpch_sf1,AP,974,233075,4,3,3,21,True,False,False,False,False,False,True,3,False,False,True,False,False,False,True,False,2,False,False,False,1,0.35924301482737064,24.623401928693056,-4.227453486632751,postgres,68.54246544090913
2025-09-15T07:23:17.906697,tpch_sf1,AP,977,391656,1,0,4,4,True,True,True,False,False,False,False,0,False,False,False,True,False,False,False,True,1,True,False,False,1,81.08363696373999,101.38932289555669,-0.2234866116629849,postgres,1.250428899000883
2025-09-15T07:23:18.006755,tpch_sf1,AP,985,726967,4,3,6,27,True,False,True,True,False,False,True,3,False,False,True,False,False,False,True,True,5,False,False,False,1,21.83215704280883,70.3958310186863,-1.170750066306091,postgres,3.2244102532174472
2025-09-15T07:23:18.023847,tpch_sf1,AP,989,746166,1,0,5,6,True,True,False,True,False,False,False,0,False,False,False,True,False,False,False,False,2,True,False,False,1,0.41549792513251305,12.762497062794864,-3.424788611710689,postgres,30.71615113053711
2025-09-15T07:23:18.102635,tpch_sf1,AP,990,679626,8,7,2,39,True,True,False,False,False,False,True,7,False,False,True,False,False,False,True,False,1,True,False,True,1,0.6154789589345455,75.8756990544498,-4.814450981839014,postgres,123.27911125637516
2025-09-15T07:23:18.127323,tpch_sf1,AP,994,502197,2,1,4,13,True,True,False,False,False,False,False,1,False,False,False,True,False,False,False,True,3,True,False,False,1,0.39896497037261724,20.42704599443823,-3.935741466314296,postgres,51.20009903466009
2025-09-15T07:23:18.443870,tpch_sf1,AP,995,503373,2,1,3,11,True,True,False,True,False,False,False,1,False,False,False,True,False,False,True,True,2,True,False,False,1,184.5276349922642,129.33163600973785,0.355419308187108,duckdb,1.4267787888987227
2025-09-15T07:27:23.672939,tpch_sf1,AP,997,100475,5,4,4,28,True,False,False,True,False,False,True,4,False,False,True,False,False,False,True,True,3,False,False,False,1,39.45286199450493,42.42078494280577,-0.07253186098935052,postgres,1.0752270633424317
2025-09-15T07:27:23.709201,tpch_sf1,AP,998,873225,2,1,6,11,True,True,True,False,False,False,False,1,False,False,False,True,False,False,True,True,2,True,False,False,1,3.5681789740920067,30.59229697100818,-2.1486928699347096,postgres,8.573644201463575
2025-09-15T07:27:23.729435,tpch_sf1,AP,999,181139,1,0,5,6,True,False,False,False,False,False,False,0,False,False,False,True,False,False,True,False,2,False,False,False,1,3.206240013241768,15.280685969628394,-1.561490760877292,postgres,4.765920800226801
2025-09-15T07:27:26.619987,tpch_sf1,AP,1001,84339,1,0,3,6,True,True,True,True,False,False,False,0,False,False,False,True,False,False,True,True,2,True,False,False,1,2254.7417329624295,632.2465640259907,1.27151126352326,duckdb,3.5662380173405586
2025-09-15T07:31:28.178937,tpch_sf1,AP,1006,237622,3,2,3,14,True,True,False,False,False,False,False,2,False,False,False,False,False,False,True,False,1,True,False,False,1,62.26600904483348,58.97842801641673,0.05424392548484881,duckdb,1.0557420931514425
2025-09-15T07:31:28.195605,tpch_sf1,AP,1007,466663,1,0,5,6,True,False,True,True,False,False,False,0,False,False,False,True,False,False,False,True,2,False,False,False,1,0.3786460729315877,12.544133001938462,-3.500406421096772,postgres,33.128913512341875
2025-09-15T07:37:38.285115,tpch_sf1,AP,1012,84771,3,2,7,22,True,True,False,True,False,False,False,2,False,False,False,False,False,False,False,True,5,True,False,False,1,3373.401661054231,3390.6157319433987,-0.005089906501698047,postgres,1.005102882081284
2025-09-15T07:37:38.431461,tpch_sf1,AP,1015,778163,1,0,7,12,True,True,True,False,False,False,False,0,False,False,False,True,False,False,False,True,5,True,False,False,1,64.32893709279597,78.00472399685532,-0.19275982636124123,postgres,1.2125915260239994
2025-09-15T07:41:41.825225,tpch_sf1,AP,1018,589947,5,4,5,30,True,False,True,True,False,False,False,4,False,False,True,False,False,False,True,True,4,False,False,False,1,1673.6566490726545,1698.411780060269,-0.014682724409156305,postgres,1.0147910451055364
2025-09-15T07:41:41.941641,tpch_sf1,AP,1022,410693,2,1,4,11,True,False,False,True,False,False,False,1,False,False,False,True,False,False,False,True,2,False,False,False,1,52.78299399651587,58.82325803395361,-0.10834826605959347,postgres,1.1144357979738029
2025-09-15T07:41:41.966666,tpch_sf1,AP,1024,64910,1,0,5,10,True,False,False,False,False,False,False,0,False,False,False,True,False,False,True,True,4,False,False,False,1,4.667103989049792,17.443228978663683,-1.3184128007065394,postgres,3.7374845342186322
2025-09-15T07:41:55.490349,tpch_sf1,AP,1029,244392,8,7,6,45,True,False,False,False,False,False,False,7,False,False,True,False,False,False,False,True,4,False,False,True,1,10436.62051600404,3080.0391379743814,1.220378520647717,duckdb,3.3884700968013637
2025-09-15T07:47:55.607548,tpch_sf1,AP,1037,606746,1,0,5,8,True,True,True,False,False,False,False,0,False,False,False,True,False,False,False,True,3,True,False,False,1,40.510646998882294,41.59153194632381,-0.02633175913911231,postgres,1.02668150295085
2025-09-15T07:47:55.635399,tpch_sf1,AP,1040,921246,3,2,4,14,True,False,False,False,False,False,False,2,False,False,False,False,False,False,False,True,1,False,False,False,1,0.6553790299221873,23.4440480126068,-3.5771581856578316,postgres,35.77173962278026
2025-09-15T07:47:57.660113,tpch_sf1,AP,1041,429083,4,3,4,19,True,True,False,False,False,False,False,3,False,False,True,False,False,False,True,False,1,True,False,False,1,1295.1903491048142,724.7217789990827,0.5806251229598308,duckdb,1.7871552734259053
2025-09-15T07:47:57.666626,tpch_sf1,AP,1045,636417,1,0,6,10,True,False,True,False,False,False,False,0,False,False,False,True,False,False,True,True,4,False,False,False,1,0.3091529943048954,2.7608099626377225,-2.1894430988196314,postgres,8.930238469289849
2025-09-15T07:52:46.417111,tpch_sf1,AP,1050,434141,3,2,2,14,True,False,False,True,False,False,False,2,False,False,False,False,False,False,True,True,1,False,False,False,1,273.5324400709942,267.87906093522906,0.020884612198157702,duckdb,1.021104221867987
2025-09-15T07:52:46.660056,tpch_sf1,AP,1053,451145,4,3,3,21,True,True,True,False,False,False,True,3,False,False,True,False,False,False,True,False,2,True,False,False,1,0.7085349643602967,238.116548047401,-5.817316122717813,postgres,336.0688745436654
2025-09-15T07:52:48.209695,tpch_sf1,AP,1054,543855,1,0,6,8,True,True,True,False,False,False,False,0,False,False,False,True,False,False,False,False,3,True,False,False,1,934.6190989017487,578.1675889156759,0.48027529256583124,duckdb,1.6165193567051719
2025-09-15T07:52:49.738745,tpch_sf1,AP,1055,618887,1,0,5,8,True,False,True,False,False,False,False,0,False,False,False,True,False,False,True,True,3,False,False,False,1,412.54709602799267,1113.6844939319417,-0.9930787898348534,postgres,2.6995329858203014
2025-09-15T07:52:49.803034,tpch_sf1,AP,1057,667712,7,6,5,40,True,False,True,False,False,False,True,6,False,False,True,False,False,False,True,True,4,False,False,True,1,0.8415990741923451,60.000607976689935,-4.266806232171516,postgres,71.29357649813308
2025-09-15T07:52:52.221021,tpch_sf1,AP,1059,400134,1,0,7,12,True,True,False,False,False,False,False,0,False,False,False,True,False,False,False,True,5,True,False,False,1,1169.7313580662012,1244.729707017541,-0.06214428959411796,postgres,1.0641158744990191
2025-09-15T07:52:52.286317,tpch_sf1,AP,1060,964982,2,1,4,13,True,False,True,False,False,False,False,1,False,False,False,True,False,False,False,True,3,False,False,False,1,16.21661300305277,46.6721139382571,-1.0571106435833058,postgres,2.8780432713952715
2025-09-15T07:52:58.614315,tpch_sf1,AP,1062,439297,1,0,5,8,True,True,True,False,False,False,False,0,False,False,False,True,False,False,False,True,3,True,False,False,1,4540.979304932989,1649.7903229901567,1.0124944918625898,duckdb,2.752458443751026
2025-09-15T07:53:00.143563,tpch_sf1,AP,1064,388330,3,2,4,18,True,True,True,False,False,False,False,2,False,False,False,False,False,False,True,False,3,True,False,False,1,798.7654970493168,726.0390679584816,0.09546358113828546,duckdb,1.1001687544106016
2025-09-15T07:53:00.148091,tpch_sf1,AP,1065,52360,1,0,3,6,True,True,True,False,False,False,False,0,False,False,False,True,False,False,False,False,2,True,False,False,1,0.3056420246139169,2.571046003140509,-2.1296535372622634,postgres,8.411951878633907
2025-09-15T07:57:04.913686,tpch_sf1,AP,1069,291208,4,3,3,21,True,False,True,False,False,False,True,3,False,False,True,False,False,False,False,True,2,False,False,False,1,13.413905049674213,14.425358967855573,-0.07269583800182372,postgres,1.0754033903203992
2025-09-15T07:57:05.331244,tpch_sf1,AP,1072,531399,5,4,3,24,True,False,False,True,False,False,True,4,False,False,True,False,False,False,True,False,1,False,False,False,1,88.32512400113046,324.53265506774187,-1.3013615658679365,postgres,3.6742960594494973
2025-09-15T07:57:07.576365,tpch_sf1,AP,1074,554052,4,3,5,21,True,True,False,True,False,False,False,3,False,False,True,False,False,False,True,False,2,True,False,False,1,491.9724060455337,1748.9161030389369,-1.2683288756907136,postgres,3.5549069044272144
2025-09-15T07:57:08.111701,tpch_sf1,AP,1076,935295,5,4,4,24,True,False,False,True,False,False,False,4,False,False,True,False,False,False,False,True,1,False,False,False,1,149.15212290361524,382.09678104612976,-0.9407071858360284,postgres,2.561792441218202
2025-09-15T08:05:37.925175,tpch_sf1,AP,1084,585482,1,0,6,8,True,True,False,True,False,False,False,0,False,False,False,True,False,False,True,True,3,True,False,False,1,1.194107928313315,1.0496820323169231,0.128912111164052,duckdb,1.1375901382989342
2025-09-15T08:05:39.674555,tpch_sf1,AP,1086,978807,7,6,4,36,True,True,True,True,False,False,True,6,False,False,True,False,False,False,False,True,2,True,False,True,1,191.76887802314013,1553.5123359877616,-2.091982782942329,postgres,8.10096169932383
2025-09-15T08:05:39.747468,tpch_sf1,AP,1087,785811,3,2,3,14,True,False,False,False,False,False,True,2,False,False,False,False,False,False,True,False,1,False,False,False,1,17.69623893778771,52.85077006556094,-1.0941201553768378,postgres,2.9865538237453326
2025-09-15T08:12:13.782573,tpch_sf1,AP,1089,691907,3,2,6,18,True,False,True,False,False,False,False,2,False,False,False,False,False,False,False,True,3,False,False,False,1,73197.98999594059,72712.28833997156,0.006657563202436484,duckdb,1.0066797740389917
2025-09-15T08:12:15.272322,tpch_sf1,AP,1090,110165,5,4,7,32,True,False,True,False,False,False,False,4,False,False,True,False,False,False,True,True,5,False,False,False,1,0.7761169690638781,1486.2840470159426,-7.557486392571547,postgres,1915.0258353565448
2025-09-15T08:20:21.212953,tpch_sf1,AP,1098,551010,2,1,4,13,True,False,False,False,False,False,False,1,False,False,False,True,False,False,False,False,3,False,False,False,1,2933.971098973416,2912.178927101195,0.00745525609522115,duckdb,1.0074831157074242
2025-09-15T08:20:22.346113,tpch_sf1,AP,1099,919515,6,5,3,29,True,False,True,False,False,False,True,5,False,False,True,False,False,False,True,True,1,False,False,True,1,0.835307058878243,1129.4674379751086,-7.2094573933309745,postgres,1352.1583781321108
