# lgbm_feature_names: num_tables,num_joins,query_depth,complexity_score,has_aggregates,has_group_by,has_order_by,has_limit,has_distinct,has_window_functions,has_outer_joins,estimated_join_complexity,has_subqueries,has_correlated_subqueries,has_large_tables,all_tables_small,has_complex_expressions,has_user_functions,has_text_operations,has_numeric_heavy_ops,num_aggregate_funcs,analytical_pattern,transactional_pattern,etl_pattern,command_type
# lgbm_version: v1.0.0
# lgbm_threshold: 0.000000
# lgbm_model_type: regression
# lgbm_target: log(pg_time/duck_time)
tree
version=v4
num_class=1
num_tree_per_iteration=1
label_index=0
max_feature_idx=24
objective=regression
feature_names=num_tables num_joins query_depth complexity_score has_aggregates has_group_by has_order_by has_limit has_distinct has_window_functions has_outer_joins estimated_join_complexity has_subqueries has_correlated_subqueries has_large_tables all_tables_small has_complex_expressions has_user_functions has_text_operations has_numeric_heavy_ops num_aggregate_funcs analytical_pattern transactional_pattern etl_pattern command_type
feature_infos=[1:5] [0:4] [0:5] [0:8] [0:1] [0:1] [0:1] [0:1] none none [0:1] [0:8] none none none none none none [0:1] [0:1] [0:6] [0:1] [0:1] none none
tree_sizes=3888 3819 3614 3711 3921 2645 3492 4147 3181 3086 3083 3087 2888 3289 2671 2572 2570 3307 3390 3394 3769 3751 3964 3978 4056 3403 3803 4027 2587

Tree=0
num_leaves=37
num_cat=0
split_feature=0 18 3 20 0 20 0 5 20 20 3 2 2 6 3 18 19 6 18 3 3 20 21 3 0 2 22 18 18 21 6 22 3 3 22 3
split_gain=7412.21 3869.46 409.127 280.141 273.041 176.232 98.1322 70.4099 78.8208 54.6912 51.0511 49.1311 47.3735 41.5152 52.5883 27.9826 11.6121 10.9588 10.4937 9.81673 8.29505 5.31249 5.24489 4.9066 4.77996 3.31003 3.08823 2.73684 1.058 0.821336 0.380472 0.289895 0.28642 0.279985 0.026406 0.0152722
threshold=4.5000000000000009 1.0000000180025095e-35 3.5000000000000004 2.5000000000000004 1.5000000000000002 2.5000000000000004 3.5000000000000004 1.0000000180025095e-35 1.5000000000000002 2.5000000000000004 2.5000000000000004 4.5000000000000009 1.0000000180025095e-35 1.0000000180025095e-35 1.0000000180025095e-35 1.0000000180025095e-35 1.0000000180025095e-35 1.0000000180025095e-35 1.0000000180025095e-35 2.5000000000000004 1.5000000000000002 3.5000000000000004 1.0000000180025095e-35 1.5000000000000002 2.5000000000000004 1.0000000180025095e-35 1.0000000180025095e-35 1.0000000180025095e-35 1.0000000180025095e-35 1.0000000180025095e-35 1.0000000180025095e-35 1.0000000180025095e-35 4.5000000000000009 1.5000000000000002 1.0000000180025095e-35 4.5000000000000009
decision_type=2 2 2 2 2 2 2 2 2 2 2 2 2 2 2 2 2 2 2 2 2 2 2 2 2 2 2 2 2 2 2 2 2 2 2 2
left_child=2 9 4 12 13 7 11 8 10 -2 20 -5 30 14 25 -14 -9 24 -18 29 -6 23 -17 -16 -12 34 -22 -7 -10 31 35 -15 -32 -33 -1 -4
right_child=1 -3 3 6 5 27 -8 16 28 -11 17 -13 15 19 21 22 18 -19 -20 -21 26 -23 -24 -25 -26 -27 -28 -29 -30 -31 32 33 -34 -35 -36 -37
leaf_value=0.94741064937135566 1.1773011409703873 0.84657160833096357 0.94608370952446319 1.1378936391247239 1.2178028783130992 1.2962103572726906 1.2400249784071746 1.2450917526416134 1.2698562945842753 1.2471071598434642 0.94319176592870768 1.2200063617585071 1.1687194904247034 1.0276768612074838 1.2008713896991179 1.0252220118665376 1.2804134825917313 1.1173213725623192 1.256050322782805 1.1075923073990857 1.1912177689552279 1.2190407834949231 1.0813703765006339 1.1448535853650983 1.0459487067376276 1.0681200780110256 1.1543300495414723 1.2881804959065104 1.2528629556352551 1.0634992834489223 0.98114442369109134 0.99049258048653677 0.95404178739365464 1.0254581359299633 0.95989578897320926 0.95223319411914886
leaf_weight=0.54900103621184793 55.440693890675902 202.28509875619784 2.3664095816202444 46.018420092295855 13.099476588191463 326.88864475302398 150.78350047580898 92.946203724481165 16.090366923250258 56.812019363045692 2.2965982041787347 30.153658970724791 8.9945617900230008 1.2347629547584782 9.3135397979058343 6.6120052337646493 79.535110683180392 2.9780640210956335 99.477636076509953 6.7248296057805419 9.1570041812956333 14.597990036010744 11.211390596814454 6.7363747977651647 2.2312579802237451 0.93053543381392945 14.916997457155958 157.11776240542531 21.263852544128895 0.76117551326751698 2.4292513439431787 2.3445090984459971 1.6281566694378851 0.75750619918107975 1.8526469196658581 1.7609379561617968
leaf_count=21 30 64 43 33 25 44 37 27 24 15 60 24 33 33 145 45 29 33 17 19 16 1 19 55 15 7 52 30 24 13 36 81 30 30 83 31
internal_value=1.19221 0.977211 1.25123 1.19635 1.2675 1.27399 1.21666 1.24718 1.20658 1.21263 1.16177 1.1704 1.06469 1.14862 1.1767 1.09682 1.25943 1.04283 1.26687 1.06792 1.18578 1.19721 1.06054 1.17736 0.993829 0.988061 1.16836 1.2936 1.26018 1.0156 0.959396 1.00719 0.970269 0.999031 0.957042 0.948707
internal_weight=1460.3 314.538 1145.76 261.958 883.802 837.999 226.956 353.993 82.0336 112.253 44.6794 76.1721 35.0027 45.8029 33.9801 26.818 271.959 7.50592 179.013 11.8228 37.1735 30.6479 17.8234 16.0499 4.52786 3.33218 24.074 484.006 37.3542 5.09795 8.18476 4.33678 4.05741 3.10202 2.40165 4.12735
internal_count=1324 109 1215 331 884 396 94 322 249 45 201 57 237 488 312 97 73 108 46 176 93 201 64 200 75 111 68 74 48 157 140 144 66 111 104 74
is_linear=0
shrinkage=1


Tree=1
num_leaves=35
num_cat=0
split_feature=0 18 3 20 0 20 0 20 2 2 19 7 3 6 3 18 10 0 6 3 20 21 3 2 18 2 0 0 21 6 7 3 3 3
split_gain=6689.52 3492.18 369.237 252.827 246.42 159.049 88.5643 49.3588 44.3409 42.7546 40.9686 70.2167 41.7038 37.4675 47.4609 25.2543 15.1157 12.7384 10.8475 8.8596 4.79452 4.73351 4.4282 3.30912 4.56388 2.9873 2.25664 1.31415 0.741256 0.343376 0.259637 0.258494 0.0560636 0.0137831
threshold=4.5000000000000009 1.0000000180025095e-35 3.5000000000000004 2.5000000000000004 1.5000000000000002 2.5000000000000004 3.5000000000000004 2.5000000000000004 4.5000000000000009 1.0000000180025095e-35 1.0000000180025095e-35 1.0000000180025095e-35 2.5000000000000004 1.0000000180025095e-35 1.0000000180025095e-35 1.0000000180025095e-35 1.0000000180025095e-35 3.5000000000000004 1.0000000180025095e-35 2.5000000000000004 3.5000000000000004 1.0000000180025095e-35 1.5000000000000002 3.5000000000000004 1.0000000180025095e-35 1.0000000180025095e-35 2.5000000000000004 2.5000000000000004 1.0000000180025095e-35 1.0000000180025095e-35 1.0000000180025095e-35 4.5000000000000009 1.5000000000000002 4.5000000000000009
decision_type=2 2 2 2 2 2 2 2 2 2 2 2 2 2 2 2 2 2 2 2 2 2 2 2 2 2 2 2 2 2 2 2 2 2
left_child=2 7 4 9 13 10 8 -2 -5 29 11 -6 26 14 25 -11 17 -7 27 28 22 -17 -16 24 -12 -1 -13 -14 30 33 -15 -31 -32 -4
right_child=1 -3 3 6 5 16 -8 -9 -10 15 23 12 18 19 20 21 -18 -19 -20 -21 -22 -23 -24 -25 -26 -27 -28 -29 -30 31 32 -33 -34 -35
leaf_value=-0.23467605364705557 -0.025429654487407829 -0.33962272538380756 -0.24508621057967345 -0.062866780774015321 0.037591646436227817 0.06725559694886335 0.034157992542111701 0.040886062594779123 0.015140307789556421 -0.033582223216362436 0.061296895046120098 0.0024477054729029868 -0.25111348763160196 -0.21646467552562187 -0.0030379202181404271 -0.16990482090833184 0.099461278209121803 0.086951157902482534 -0.092309655282172887 -0.091653048169782009 0.014223007398787827 -0.11656388444320194 -0.056254830245981303 0.062771522649759701 0.043613877709275502 -0.1291516671809779 -0.032171376861443411 -0.18697389670111425 -0.13354142039415176 -0.21177852943745742 -0.18506153351648685 -0.23752604277624756 -0.16976288623724192 -0.23924420651980569
leaf_weight=2.401647955877706 55.440693890675902 202.28509875619784 2.3664095816202444 46.018420092295855 96.827200298197567 130.59051772393286 150.78350047580898 56.812019363045692 30.153658970724791 8.9945617900230008 55.073828001506627 7.1888668937608644 2.1831663630437101 0.6391221161466073 9.3135397979058343 6.6120052337646493 132.34467788785696 221.07121154665947 2.5977080818265676 6.7248296057805419 14.597990036010744 11.211390596814454 6.7363747977651647 67.095982358790934 108.13011239469051 0.93053543381392945 13.636460595298558 1.2592433965764938 0.76117551326751698 2.4292513439431787 2.9460235808510338 1.6281566694378851 0.75163255538791407 1.7609379561617968
leaf_count=104 30 64 43 33 39 45 37 15 24 33 39 60 57 23 145 45 16 13 33 19 1 19 55 40 31 7 11 12 13 36 92 30 29 31
internal_value=-0.0112673 -0.215515 0.0448035 -0.00733249 0.0602565 0.0664289 0.0119581 0.00813327 -0.0319867 -0.132412 0.0409581 0.0177482 -0.0537705 -0.0526725 -0.0259979 -0.101884 0.0850578 0.0796372 -0.169444 -0.129339 -0.00651334 -0.136352 -0.0253738 0.053424 0.0495811 -0.205208 -0.0202209 -0.227651 -0.17905 -0.23244 -0.187038 -0.22211 -0.181952 -0.242594
internal_weight=1460.3 314.538 1145.76 261.958 883.802 837.999 226.956 112.253 76.1721 35.0027 353.993 123.693 26.8654 45.8029 33.9801 26.818 484.006 351.662 6.04012 11.8228 30.6479 17.8234 16.0499 230.3 163.204 3.33218 20.8253 3.44241 5.09795 8.18476 4.33678 4.05741 3.69766 4.12735
internal_count=1324 109 1215 331 884 396 94 45 57 237 322 212 173 488 312 97 74 58 102 176 201 64 200 110 70 111 71 69 157 140 144 66 121 74
is_linear=0
shrinkage=0.05


Tree=2
num_leaves=33
num_cat=0
split_feature=0 18 3 20 0 20 21 5 20 20 3 2 6 3 18 10 0 19 6 18 19 3 20 21 3 0 2 18 6 3 3 3
split_gain=6037.3 3151.7 333.237 228.177 222.394 143.542 80.5283 60.4458 66.2168 44.5464 41.7438 38.586 33.8144 42.8335 22.792 13.6419 11.4964 9.73187 9.15593 8.73145 8.04618 6.59814 4.32706 4.272 3.99645 3.58872 2.69604 0.94769 0.309897 0.233291 0.145694 0.0124393
threshold=4.5000000000000009 1.0000000180025095e-35 3.5000000000000004 2.5000000000000004 1.5000000000000002 2.5000000000000004 1.0000000180025095e-35 1.0000000180025095e-35 1.5000000000000002 2.5000000000000004 2.5000000000000004 1.0000000180025095e-35 1.0000000180025095e-35 1.0000000180025095e-35 1.0000000180025095e-35 1.0000000180025095e-35 3.5000000000000004 1.0000000180025095e-35 1.0000000180025095e-35 1.0000000180025095e-35 1.0000000180025095e-35 1.5000000000000002 3.5000000000000004 1.0000000180025095e-35 1.5000000000000002 2.5000000000000004 1.0000000180025095e-35 1.0000000180025095e-35 1.0000000180025095e-35 4.5000000000000009 1.5000000000000002 4.5000000000000009
decision_type=2 2 2 2 2 2 2 2 2 2 2 2 2 2 2 2 2 2 2 2 2 2 2 2 2 2 2 2 2 2 2 2
left_child=2 9 4 11 12 7 -5 8 10 -2 21 28 13 26 -13 16 -7 -9 25 -19 30 -6 24 -16 -15 -12 -1 -10 31 -30 -14 -4
right_child=1 -3 3 6 5 15 -8 17 27 -11 18 14 20 22 23 -17 -18 19 -20 -21 -22 -23 -24 -25 -26 -27 -28 -29 29 -31 -32 -33
leaf_value=-0.22294225753717045 -0.024158170848357072 -0.32264158835495554 -0.23283190092635928 0.035156938072190273 0.010489948655324195 0.063892813955183564 -0.025915909370248832 0.037131399973040345 0.059575563384048361 0.038841759880768045 -0.23599961135277586 -0.031903111222283217 -0.17696203011539408 -0.0028860221703020934 -0.16140958460262789 0.094488221404481779 0.082603599199348759 0.069422740521367335 -0.079245577720301261 0.047199215602749395 -0.094013873527302033 -0.033605748255641762 0.013511857110509876 -0.11073568045427058 -0.05344208809374467 -0.14696299588069905 -0.12269408812556637 0.043492487016519074 -0.20118960169468503 -0.22564973193143667 -0.201087848815099 -0.22728198863349439
leaf_weight=2.401647955877706 55.440693890675902 202.28509875619784 2.3664095816202444 138.52357763936743 13.099476588191463 130.59051772393286 88.432001899462193 92.946203724481165 16.090366923250258 56.812019363045692 2.2965982041787347 8.9945617900230008 3.1011771436315017 9.3135397979058343 6.6120052337646493 132.34467788785696 221.07121154665947 79.535110683180392 2.9780640210956335 99.477636076509953 7.9376415137667209 24.074001638451591 14.597990036010744 11.211390596814454 6.7363747977651647 2.2312579802237451 0.93053543381392945 21.263852544128895 2.4292513439431787 1.6281566694378851 0.7839647140353917 1.7609379561617968
leaf_count=104 30 64 43 43 25 45 51 27 24 15 60 33 97 145 45 16 13 29 33 17 45 68 1 19 55 15 7 24 36 30 34 31
internal_value=-0.0107039 -0.204739 0.0425633 -0.00696586 0.0572437 0.0631075 0.0113602 0.0389102 0.00129083 0.00772661 -0.0397839 -0.125791 -0.0500389 -0.024698 -0.0967895 0.0808049 0.0756553 0.0502577 -0.147338 0.0570731 -0.122872 -0.018067 -0.00618767 -0.129534 -0.0241051 -0.192124 -0.194947 0.0504203 -0.220818 -0.211005 -0.18183 -0.230464
internal_weight=1460.3 314.538 1145.76 261.958 883.802 837.999 226.956 353.993 82.0336 112.253 44.6794 35.0027 45.8029 33.9801 26.818 484.006 351.662 271.959 7.50592 179.013 11.8228 37.1735 30.6479 17.8234 16.0499 4.52786 3.33218 37.3542 8.18476 4.05741 3.88514 4.12735
internal_count=1324 109 1215 331 884 396 94 322 249 45 201 237 488 312 97 74 58 73 108 46 176 93 201 64 200 75 111 48 140 66 131 74
is_linear=0
shrinkage=0.05


Tree=3
num_leaves=34
num_cat=0
split_feature=0 18 3 20 0 20 0 5 20 20 3 20 20 18 3 10 0 22 0 3 20 5 22 7 3 7 18 19 3 0 22 3 0
split_gain=5448.66 2844.41 300.746 205.93 200.71 129.547 73.2408 54.5523 59.7607 40.2031 37.6738 31.2528 29.7312 21.2436 18.4614 12.3118 10.3755 10.1891 19.4404 5.95482 4.84498 3.88611 2.49605 2.05176 1.71288 1.29322 0.85529 0.649363 8.33928 0.383468 0.135078 0.0337257 0.00383861
threshold=4.5000000000000009 1.0000000180025095e-35 3.5000000000000004 2.5000000000000004 1.5000000000000002 2.5000000000000004 3.5000000000000004 1.0000000180025095e-35 1.5000000000000002 2.5000000000000004 2.5000000000000004 1.5000000000000002 3.5000000000000004 1.0000000180025095e-35 1.0000000180025095e-35 1.0000000180025095e-35 3.5000000000000004 1.0000000180025095e-35 2.5000000000000004 1.5000000000000002 1.5000000000000002 1.0000000180025095e-35 1.0000000180025095e-35 1.0000000180025095e-35 2.5000000000000004 1.0000000180025095e-35 1.0000000180025095e-35 1.0000000180025095e-35 1.5000000000000002 2.5000000000000004 1.0000000180025095e-35 4.5000000000000009 2.5000000000000004
decision_type=2 2 2 2 2 2 2 2 2 2 2 2 2 2 2 2 2 2 2 2 2 2 2 2 2 2 2 2 2 2 2 2 2
left_child=2 9 4 11 12 7 -5 8 10 -2 19 21 14 -13 23 16 -7 18 -9 -6 24 31 -21 -1 27 -12 -10 28 -16 -27 -25 32 -4
right_child=1 -3 3 6 5 15 -8 17 26 -11 25 13 -14 -15 20 -17 -18 -19 -20 22 -22 -23 -24 30 -26 29 -28 -29 -30 -31 -32 -33 -34
leaf_value=-0.11647631522420705 -0.02295025926531994 -0.30650948896307961 -0.19646133936871568 -0.029170507659923069 0.009965452470473455 0.060698172798076426 0.03098040458958963 0.051648259028362425 0.056596786247438594 0.036899671905745592 -0.10019365555781881 -0.021712887992996425 0.010969324859438832 -0.12121886960416327 -0.037252673662794722 0.089763808014266963 0.07847342499638682 0.057714327813534284 0.012247756711776974 -0.011376648554979612 -0.09671085746240142 -0.11900597311365338 -0.044539628901919898 -0.18436990942115106 -0.098254424095056192 -0.14401617812580486 0.041317867734043182 -0.030561993036432707 -0.17128153409690652 -0.17475376522051411 -0.20889202956715397 -0.20453848300486288 -0.19930178240461394
leaf_weight=0.94356181472540201 55.440693890675902 202.28509875619784 1.6943895420990847 76.172079063020647 13.099476588191463 130.59051772393286 150.78350047580898 92.755697679705918 16.090366923250258 56.812019363045692 1.6060996390879143 8.1627950966358185 14.730792760848997 15.642237771302462 11.576299900887541 132.34467788785696 221.07121154665947 131.94584224745631 47.25741055700928 9.1570041812956333 7.0823721231427035 1.7099802554585046 14.916997457155958 0.7854556515812875 1.6044906177557994 4.5977960887830704 21.263852544128895 5.819806143641471 1.2898884341120727 1.3020244776271281 1.9702039461117238 3.8020824017003179 3.9912281045690179
leaf_count=8 30 64 37 57 25 45 37 26 24 15 7 23 7 34 219 16 13 14 33 16 62 23 52 25 14 88 24 14 53 13 86 64 56
internal_value=-0.0101687 -0.194502 0.0404351 -0.00661757 0.0543815 0.0599521 0.0107922 0.0369647 0.00122629 0.00734028 -0.0377947 -0.119502 -0.0475369 -0.0870981 -0.0752738 0.0767647 0.0718725 0.0477448 0.0383497 -0.0171636 -0.0611057 -0.188388 -0.0319255 -0.180113 -0.0486778 -0.139971 0.0478993 -0.0444208 -0.0506896 -0.1508 -0.201902 -0.200893 -0.198455
internal_weight=1460.3 314.538 1145.76 261.958 883.802 837.999 226.956 353.993 82.0336 112.253 44.6794 35.0027 45.8029 23.805 31.0721 484.006 351.662 271.959 140.013 37.1735 27.3729 11.1977 24.074 3.69922 20.2905 7.50592 37.3542 18.686 12.8662 5.89982 2.75566 9.4877 5.68562
internal_count=1324 109 1215 331 884 396 94 322 249 45 201 237 488 57 481 74 58 73 59 93 362 180 68 119 300 108 48 286 272 101 111 157 93
is_linear=0
shrinkage=0.05


Tree=4
num_leaves=36
num_cat=0
split_feature=0 18 3 20 0 20 0 2 20 2 19 22 6 3 3 18 10 0 6 3 22 2 0 0 20 3 2 6 0 7 2 6 3 22 3
split_gain=4917.41 2567.08 271.423 185.851 181.141 116.916 66.0998 39.9118 36.2833 31.7539 29.8411 55.5084 28.7356 35.2515 28.0149 18.6606 11.1114 9.36391 8.72452 7.56159 6.31799 29.8055 5.27076 4.15998 3.33524 3.528 2.21644 1.8205 0.96797 0.565997 1.7753 0.278632 0.204584 0.0290132 0.0124744
threshold=4.5000000000000009 1.0000000180025095e-35 3.5000000000000004 2.5000000000000004 1.5000000000000002 2.5000000000000004 3.5000000000000004 4.5000000000000009 2.5000000000000004 1.0000000180025095e-35 1.0000000180025095e-35 1.0000000180025095e-35 1.0000000180025095e-35 1.0000000180025095e-35 2.5000000000000004 1.0000000180025095e-35 1.0000000180025095e-35 3.5000000000000004 1.0000000180025095e-35 2.5000000000000004 1.0000000180025095e-35 3.5000000000000004 2.5000000000000004 2.5000000000000004 3.5000000000000004 1.5000000000000002 1.0000000180025095e-35 1.0000000180025095e-35 2.5000000000000004 1.0000000180025095e-35 1.5000000000000002 1.0000000180025095e-35 4.5000000000000009 1.0000000180025095e-35 4.5000000000000009
decision_type=2 2 2 2 2 2 2 2 2 2 2 2 2 2 2 2 2 2 2 2 2 2 2 2 2 2 2 2 2 2 2 2 2 2 2
left_child=2 8 4 9 12 10 7 -5 -2 31 11 23 13 26 22 -11 17 -7 28 29 21 -12 -13 -6 25 -15 33 -17 -16 -14 -31 34 -33 -1 -4
right_child=1 -3 3 6 5 16 -8 -9 -10 15 20 14 19 24 18 27 -18 -19 -20 -21 -22 -23 -24 -25 -26 -27 -28 -29 -30 30 -32 32 -34 -35 -36
leaf_value=-0.21172620781597182 -0.021802746209829971 -0.29118402750147332 -0.21124870699795639 -0.057009216159691282 0.040659840994209856 0.05766326657907396 0.029431385146015 0.016999425107984807 0.035054687878993095 -0.028505629562574155 -0.0081398087105993885 0.011692700086350372 -0.19487261412273968 -0.00080111384559995659 -0.21955702625059126 -0.10608087841769179 0.085275621623011028 0.074549749754039343 -0.078043457895076093 -0.077485235456721813 0.052325045215048577 0.054593439938640603 -0.044982097084664038 0.020258469889350865 0.012287798663652988 -0.048301809627508824 -0.11073557055393408 -0.1405660918333084 -0.16450998504568395 -0.16591187785406208 -0.081806563851902755 -0.1812344855445894 -0.20414031956181025 -0.19863922092576244 -0.20569096620808722
leaf_weight=0.54900103621184793 55.440693890675902 202.28509875619784 2.3664095816202444 46.018420092295855 54.607125201262534 130.59051772393286 150.78350047580898 30.153658970724791 56.812019363045692 8.9945617900230008 27.333450515754521 6.9335599271580621 0.87319980445317735 9.3135397979058343 2.1831663630437101 12.259405416436495 132.34467788785696 221.07121154665947 2.5977080818265676 6.7248296057805419 141.35189989954233 61.614572339691222 10.04659614758566 46.065246511250734 14.597990036010744 6.7363747977651647 0.93053543381392945 5.5639904141426078 1.2592433965764938 3.4582619911525398 0.76649197004735459 2.4292513439431787 1.6281566694378851 1.8526469196658581 1.7609379561617968
leaf_count=21 30 64 43 33 24 45 37 24 15 33 54 55 32 145 57 32 16 13 33 19 26 30 7 24 1 55 7 32 12 111 14 36 30 83 31
internal_value=-0.0096603 -0.184777 0.0384134 -0.00628669 0.0516624 0.0569545 0.0102526 -0.027712 0.00697327 -0.113527 0.0351165 0.0153078 -0.0451601 -0.0217996 -0.0547373 -0.0872174 0.0729264 0.0682789 -0.147219 -0.112301 0.0457556 0.0353157 -0.0218399 0.0313247 -0.0050073 -0.0207378 -0.176248 -0.116846 -0.199421 -0.158227 -0.150653 -0.199731 -0.190426 -0.201631 -0.208877
internal_weight=1460.3 314.538 1145.76 261.958 883.802 837.999 226.956 76.1721 112.253 35.0027 353.993 123.693 45.8029 33.9801 23.0203 26.818 484.006 351.662 6.04012 11.8228 230.3 88.948 16.9802 100.672 30.6479 16.0499 3.33218 17.8234 3.44241 5.09795 4.22475 8.18476 4.05741 2.40165 4.12735
internal_count=1324 109 1215 331 884 396 94 57 45 237 322 212 488 312 164 97 74 58 102 176 110 84 62 48 201 200 111 64 69 157 125 140 66 104 74
is_linear=0
shrinkage=0.05


Tree=5
num_leaves=24
num_cat=0
split_feature=0 18 2 21 20 20 10 20 20 0 2 0 0 0 0 18 20 4 2 2 0 2 2
split_gain=4691.45 1952.74 367.514 162.383 102.623 61.265 56.6534 55.3248 64.1351 41.3177 75.3542 30.7996 30.7928 29.0464 20.1689 10.9002 7.72818 5.9624 37.7073 1.50544 1.40299 0.112054 0.259641
threshold=4.5000000000000009 1.0000000180025095e-35 1.0000000180025095e-35 1.0000000180025095e-35 2.5000000000000004 2.5000000000000004 1.0000000180025095e-35 2.5000000000000004 3.5000000000000004 3.5000000000000004 4.5000000000000009 2.5000000000000004 2.5000000000000004 1.5000000000000002 2.5000000000000004 1.0000000180025095e-35 1.5000000000000002 1.0000000180025095e-35 2.5000000000000004 1.5000000000000002 1.5000000000000002 2.5000000000000004 1.5000000000000002
decision_type=2 2 2 2 2 2 2 2 2 2 2 2 2 2 2 2 2 2 2 2 2 2 2
left_child=2 5 11 4 6 -2 12 14 -9 10 -6 20 13 21 -5 -12 -8 -14 -19 -15 -1 22 -4
right_child=1 -3 3 7 9 -7 16 8 -10 -11 15 -13 17 19 -16 -17 -18 18 -20 -21 -22 -23 -24
leaf_value=-0.087731216773101139 -0.044200110427061179 -0.26704171703562035 -0.12133000819521525 0.055465905636511159 0.09680530137206203 0.032111549460173354 -0.013741502487941063 -0.056784964839264089 0.020612105479287053 0.054824274406766363 0.05921999099709814 -0.18975225119627442 0.0393486214971965 0.028772524159167825 0.0095851450312415647 0.023465036480101398 -0.065875185415114224 0.082882685915185952 0.017722971551704995 0.0079047157984189001 -0.067284375730265245 -0.091713811390867525 -0.092553918325906578
leaf_weight=23.838479124475271 48.723040333017707 206.81575213419273 1.381122203776612 50.933745891554281 209.81400437792763 57.151594705879688 26.915824819356203 53.917324830777943 53.152865909971297 323.45126708596945 41.983934155199677 7.8290191600099197 104.17408614978194 16.639399535953999 45.21831540716812 43.299861643463373 9.6596824415028077 55.449749492108822 37.030098408460617 17.983689678832889 12.945700416574253 3.1565207950770855 1.8127313409931958
leaf_count=357 27 54 29 51 34 18 38 53 37 35 18 120 8 9 31 31 39 30 32 43 173 28 23
internal_value=-0.0060655 -0.177641 0.0409718 0.0466981 0.0558806 -0.00300674 0.0304194 0.00635959 -0.0183627 0.0671675 0.0806967 -0.0997014 0.0393359 -9.59164e-05 0.0338891 0.0410667 -0.0275101 0.0475516 0.0567919 0.0179335 -0.0805352 -0.0983948 -0.104998
internal_weight=1453.28 312.69 1140.59 1095.97 892.752 105.875 274.203 203.222 107.07 618.549 295.098 44.6132 237.627 40.9735 96.1521 85.2838 36.5755 196.654 92.4798 34.6231 36.7842 6.35037 3.19385
internal_count=1318 99 1219 569 397 45 279 172 90 118 83 650 202 132 82 49 77 70 62 52 530 80 52
is_linear=0
shrinkage=0.05


Tree=6
num_leaves=32
num_cat=0
split_feature=0 18 2 3 20 5 20 20 2 10 3 0 3 6 2 3 18 0 19 3 18 2 6 6 3 3 2 2 6 3 3
split_gain=4234.04 1762.35 331.681 222.724 104.687 79.5363 83.3 55.2917 41.9695 36.8434 34.2169 47.6161 11.4468 11.7239 10.6909 9.77848 8.83659 8.3678 16.4127 7.98741 6.24773 3.0768 1.92006 1.42263 6.16349 4.77559 1.12759 0.616139 0.159721 0.108982 0.0442184
threshold=4.5000000000000009 1.0000000180025095e-35 1.0000000180025095e-35 3.5000000000000004 2.5000000000000004 1.0000000180025095e-35 3.5000000000000004 2.5000000000000004 4.5000000000000009 1.0000000180025095e-35 1.5000000000000002 1.5000000000000002 1.0000000180025095e-35 1.0000000180025095e-35 3.5000000000000004 4.5000000000000009 1.0000000180025095e-35 2.5000000000000004 1.0000000180025095e-35 3.5000000000000004 1.0000000180025095e-35 2.5000000000000004 1.0000000180025095e-35 1.0000000180025095e-35 2.5000000000000004 2.5000000000000004 2.5000000000000004 4.5000000000000009 1.0000000180025095e-35 4.5000000000000009 4.5000000000000009
decision_type=2 2 2 2 2 2 2 2 2 2 2 2 2 2 2 2 2 2 2 2 2 2 2 2 2 2 2 2 2 2 2
left_child=2 7 10 4 9 20 15 -2 16 14 11 12 -1 -14 17 -7 -6 18 -4 23 -5 -20 -19 24 -12 -25 -11 -16 30 -30 -21
right_child=1 -3 3 5 8 6 -8 -9 -10 26 19 -13 13 -15 27 -17 -18 22 21 28 -22 -23 -24 25 -26 -27 -28 -29 29 -31 -32
leaf_value=-0.18649400064328647 -0.041990106906101263 -0.25368964078240153 0.034793074928949327 0.032637951366930623 0.075030728622461018 -0.059568668684253992 0.023775845637944402 0.030505974196855273 0.057805619521910837 -0.02003319786822139 -0.091788769155354069 0.14060841025290852 -0.053508779067380108 -0.1629349395495221 0.058342479509495809 -0.10537655462729012 0.095015113998553571 0.037046630591249012 -0.04729039187710745 -0.19306034183484175 0.011933302798187814 -0.00056191189725694464 0.046762532210781894 -0.16846474346461945 -0.18562269608290582 -0.0482003830800522 -0.0021792625480868094 0.070916584206179023 -0.16887505009486628 -0.18621770265986862 -0.1826009642722391
leaf_weight=2.2906769262626829 48.723040333017707 206.81575213419273 55.148993182228878 91.358893529046327 93.415362556930631 38.186466917861253 36.654497947543859 57.151594705879688 271.61086180293933 20.567075204104185 4.3044661357998866 2.7262845926452419 17.688209562096748 2.8408933961763969 17.543051423504949 16.764829749707133 135.62292012386024 89.976866081357002 7.5731738654430938 2.7119907704181951 60.606804904527962 6.5863839574158192 116.93392812926322 1.2887706067413094 2.9489816918503493 2.2961031924933195 15.514374904334543 21.909739887807518 2.478603148600087 1.4276186921633778 1.6105999858118591
leaf_count=101 27 54 60 24 44 42 24 18 48 23 60 10 128 89 22 51 22 34 34 48 46 20 22 29 65 29 28 25 37 25 29
internal_value=-0.00576223 -0.168759 0.0389232 0.0443632 0.056412 0.00219714 -0.0346031 -0.0028564 0.0710995 0.0355074 -0.0947163 -0.056886 -0.0804807 -0.0686516 0.0409783 -0.073544 0.0868643 0.0375007 0.0224642 -0.145401 0.0243805 -0.0255544 0.0425375 -0.117203 -0.129938 -0.0914357 -0.0123563 0.0653254 -0.182541 -0.175213 -0.189163
internal_weight=1453.28 312.69 1140.59 1095.97 852.403 243.571 91.6058 105.875 500.649 351.754 44.6132 25.5461 22.8198 20.5291 315.672 54.9513 229.038 276.219 69.3086 19.0671 151.966 14.1596 206.911 10.8383 7.25345 3.58487 36.0815 39.4528 8.22881 3.90622 4.32259
internal_count=1318 99 1219 569 382 187 117 45 114 268 650 328 318 217 217 93 66 170 114 322 70 54 56 183 125 58 51 47 139 62 77
is_linear=0
shrinkage=0.05


Tree=7
num_leaves=38
num_cat=0
split_feature=0 18 0 3 20 20 0 20 0 0 19 3 19 5 20 3 6 3 0 6 19 20 22 20 6 3 0 19 20 0 22 22 19 6 3 22 3
split_gain=3821.22 1590.52 229.847 244.571 124.887 114.422 61.4172 49.9007 48.0266 31.6288 30.9467 14.7512 58.9741 48.6316 67.3034 13.5041 10.4372 7.08195 6.64887 4.66809 7.6068 4.47348 4.14553 1.62925 1.53334 1.96427 4.15068 0.65143 0.571513 0.47645 0.429475 0.326677 0.271416 0.117014 0.0455444 0.039089 0.000185958
threshold=4.5000000000000009 1.0000000180025095e-35 1.5000000000000002 3.5000000000000004 2.5000000000000004 2.5000000000000004 2.5000000000000004 2.5000000000000004 3.5000000000000004 3.5000000000000004 1.0000000180025095e-35 1.5000000000000002 1.0000000180025095e-35 1.0000000180025095e-35 1.5000000000000002 5.5000000000000009 1.0000000180025095e-35 1.0000000180025095e-35 3.5000000000000004 1.0000000180025095e-35 1.0000000180025095e-35 1.0000000180025095e-35 1.0000000180025095e-35 1.0000000180025095e-35 1.0000000180025095e-35 2.5000000000000004 2.5000000000000004 1.0000000180025095e-35 1.5000000000000002 3.5000000000000004 1.0000000180025095e-35 1.0000000180025095e-35 1.0000000180025095e-35 1.0000000180025095e-35 4.5000000000000009 1.0000000180025095e-35 1.5000000000000002
decision_type=2 2 2 2 2 2 2 2 2 2 2 2 2 2 2 2 2 2 2 2 2 2 2 2 2 2 2 2 2 2 2 2 2 2 2 2 2
left_child=2 7 17 5 6 9 10 -2 -6 11 -5 12 -4 14 24 18 -7 23 32 21 31 -19 -15 35 25 -13 -27 -11 -23 -18 -22 -21 33 34 -8 -1 -33
right_child=1 -3 3 4 8 16 15 -9 -10 27 -12 13 -14 22 -16 -17 29 19 -20 20 30 28 -24 -25 -26 26 -28 -29 -30 -31 -32 36 -34 -35 -36 -37 -38
leaf_value=-0.18822856601231569 -0.039890602215041981 -0.24100515676108475 0.13530185691520655 -0.10815909456901476 -0.023374842719061661 0.078397575886397883 -0.18685639187600162 0.028980673433760193 0.025531604883807874 -0.020633183008326627 0.083910637028681082 -0.1013875272857625 0.0071623648223793053 0.034784803145180912 0.026840686245378966 -0.26194506634100712 0.065566321384116624 -0.053820055792404897 -0.094460448583296802 -0.12885732614435386 -0.08770113928707382 -0.099010940836631922 0.047682871167634568 -0.099161879421383922 -0.084563824283793332 -0.19430224416836858 -0.092646611269699294 -0.0064776586191036493 -0.15296429694768879 0.061563791871470319 -0.067554691044690293 -0.16580632280433852 -0.15315328244183579 -0.16914186284839317 -0.17587192816970046 -0.17331181766939527 -0.16484709320662344
leaf_weight=0.59237103164195981 48.723040333017707 206.81575213419273 16.913213032530621 3.8403989190701413 75.781475768890232 196.86199442669749 2.4767474327236396 57.151594705879688 148.69638074096292 18.240925364196301 4.6202052012085915 5.1146663129329664 19.141051657497883 117.50238996371627 27.720159441232681 3.2279517510905853 148.01549693848938 18.364633296150718 4.0370798334479323 0.74848542921244865 4.9115443574264646 0.811672660754993 132.59909645467997 0.94569073827005912 3.9038669429719439 2.2047263823915273 1.8439942873083053 14.658965412527321 1.2416927092708645 149.39604222029448 5.7332402053289115 2.5101192281581466 1.414683176204562 2.6610493925400078 1.5245216339826582 1.6983058946207166 0.632584630511701
leaf_count=23 27 54 21 41 45 35 41 18 36 20 6 45 22 42 29 28 33 153 21 23 44 27 9 9 45 59 10 27 39 10 11 85 13 38 25 78 26
internal_value=-0.00547412 -0.160321 0.036977 0.0411547 -0.00252609 0.0538521 -0.111427 -0.00271358 0.00902128 0.0324038 -0.00327278 0.0371062 0.0672732 0.0333671 -0.0172574 -0.17107 0.069467 -0.0836147 -0.146855 -0.0770631 -0.098719 -0.0616458 0.0416231 -0.154375 -0.110805 -0.121984 -0.148003 -0.014326 -0.131637 0.0635558 -0.0768503 -0.158543 -0.173044 -0.177267 -0.182671 -0.177169 -0.165613
internal_weight=1453.28 312.69 1140.59 1102.4 248.28 854.117 23.8026 105.875 224.478 359.843 8.4606 326.943 36.0543 290.889 40.7874 15.342 494.274 38.1903 12.1141 34.954 14.536 20.418 250.101 3.23637 13.0673 9.16339 4.04872 32.8999 2.05337 297.412 10.6448 3.89119 8.077 6.66232 4.00127 2.29068 3.1427
internal_count=1318 99 1219 701 294 407 213 45 81 329 47 282 43 239 188 166 78 518 138 408 189 219 51 110 159 114 69 47 66 43 55 134 117 104 66 101 111
is_linear=0
shrinkage=0.05


Tree=8
num_leaves=29
num_cat=0
split_feature=0 18 2 3 20 5 20 20 2 10 3 0 2 3 3 18 0 19 3 18 2 20 20 2 2 3 3 0
split_gain=3448.65 1435.44 269.845 181.208 85.3105 65.2793 72.9226 45.0354 36.274 30.6586 27.9614 38.6914 10.374 9.35298 8.28672 7.55778 6.72272 13.8034 6.5804 5.57451 2.59272 1.85694 5.12949 0.779891 0.528449 0.203618 0.00156715 1.00461e-08
threshold=4.5000000000000009 1.0000000180025095e-35 1.0000000180025095e-35 3.5000000000000004 2.5000000000000004 1.0000000180025095e-35 3.5000000000000004 2.5000000000000004 4.5000000000000009 1.0000000180025095e-35 1.5000000000000002 1.5000000000000002 3.5000000000000004 1.0000000180025095e-35 4.5000000000000009 1.0000000180025095e-35 2.5000000000000004 1.0000000180025095e-35 3.5000000000000004 1.0000000180025095e-35 2.5000000000000004 1.0000000180025095e-35 1.5000000000000002 2.5000000000000004 4.5000000000000009 2.5000000000000004 4.5000000000000009 2.5000000000000004
decision_type=2 2 2 2 2 2 2 2 2 2 2 2 2 2 2 2 2 2 2 2 2 2 2 2 2 2 2 2
left_child=2 7 10 4 9 19 14 -2 15 12 11 13 16 -1 -7 -6 17 -4 25 -5 -19 -18 -23 -11 -14 -12 27 -20
right_child=1 -3 3 5 8 6 -8 -9 -10 23 18 -13 24 -15 -16 -17 21 20 26 -21 -22 22 -24 -25 -26 -27 -28 -29
leaf_value=-0.16831083351663431 -0.03789607381801146 -0.22895490417978015 0.031425645835960039 0.029898295275775491 0.067873937308944074 -0.054907274959837493 0.023283796905188087 0.027531639535236692 0.051802692675469136 -0.0180145557668395 -0.098999229343124953 0.1268129114837894 0.054539007237659247 -0.061790200682116485 -0.09707654069804883 0.086355789306982803 0.033387466291314345 -0.043870374170031173 -0.16441613601520061 0.010340944797910687 -0.00097505951210147095 0.056629366554837447 0.033833778309433925 -0.0031662981831130201 0.066184000473871907 -0.11271280933362547 -0.16584238520182951 -0.16441122270090169
leaf_weight=2.2906769262626829 48.723040333017707 206.81575213419273 55.148993182228878 91.358893529046327 93.415362556930631 38.186466917861253 36.654497947543859 57.151594705879688 271.61086180293933 20.567075204104185 5.5932367425411957 2.7262845926452419 17.543051423504949 20.529102958273143 16.764829749707133 135.62292012386024 103.73485931381583 7.5731738654430938 1.4396847712341676 60.606804904527962 6.5863839574158192 40.858180690556765 62.317754206247628 15.514374904334543 21.909739887807518 5.2450848843436688 3.0382186779752374 3.7509091477841139
leaf_count=101 27 54 60 24 44 42 24 18 48 23 89 10 22 217 51 22 5 34 30 46 20 18 33 28 25 94 54 55
internal_value=-0.00520041 -0.152305 0.0351282 0.0400349 0.0509029 0.00200137 -0.0313379 -0.00257791 0.0641616 0.0320319 -0.0854118 -0.051214 0.0370224 -0.0724829 -0.0677725 0.0788178 0.0335968 0.0201192 -0.13123 0.0220985 -0.0239174 0.0381114 0.0428609 -0.0116301 0.0610059 -0.105636 -0.16494 -0.164413
internal_weight=1453.28 312.69 1140.59 1095.97 852.403 243.571 91.6058 105.875 500.649 351.754 44.6132 25.5461 315.672 22.8198 54.9513 229.038 276.219 69.3086 19.0671 151.966 14.1596 206.911 103.176 36.0815 39.4528 10.8383 8.22881 5.19059
internal_count=1318 99 1219 569 382 187 117 45 114 268 650 328 217 318 93 66 170 114 322 70 54 56 51 51 47 183 139 85
is_linear=0
shrinkage=0.05


Tree=9
num_leaves=28
num_cat=0
split_feature=0 18 2 3 20 5 20 20 2 0 3 0 3 3 18 3 18 3 19 19 18 7 0 19 3 3 0
split_gain=3112.41 1295.49 243.535 163.54 76.9928 58.9145 65.8127 40.6445 32.7373 28.8064 25.2352 34.919 8.44106 7.47877 6.8209 5.93881 5.031 3.34426 49.5902 5.70768 5.81349 7.0339 3.56371 0.374987 0.183765 0.00141433 9.06614e-09
threshold=4.5000000000000009 1.0000000180025095e-35 1.0000000180025095e-35 3.5000000000000004 2.5000000000000004 1.0000000180025095e-35 3.5000000000000004 2.5000000000000004 4.5000000000000009 3.5000000000000004 1.5000000000000002 1.5000000000000002 1.0000000180025095e-35 4.5000000000000009 1.0000000180025095e-35 3.5000000000000004 1.0000000180025095e-35 1.5000000000000002 1.0000000180025095e-35 1.0000000180025095e-35 1.0000000180025095e-35 1.0000000180025095e-35 2.5000000000000004 1.0000000180025095e-35 2.5000000000000004 4.5000000000000009 2.5000000000000004
decision_type=2 2 2 2 2 2 2 2 2 2 2 2 2 2 2 2 2 2 2 2 2 2 2 2 2 2 2
left_child=2 7 10 4 9 16 13 -2 14 17 11 12 -1 -7 -6 24 -5 18 -4 22 21 -21 -19 -11 -12 26 -17
right_child=1 -3 3 5 8 6 -8 -9 -10 23 15 -13 -14 -15 -16 25 -18 19 -20 20 -22 -23 -24 -25 -26 -27 -28
leaf_value=-0.15989529155918869 -0.036001267326722958 -0.21750715602462636 0.12014365476961103 0.028403381541795666 0.064480242577896182 -0.052161910217910057 0.022119607239818307 0.026155056476443474 0.049212560853579029 -0.018899469514081068 -0.094049264326419524 0.12047226224499244 -0.058700691600157208 -0.092222714147839016 0.082038002077116812 -0.15619533347180778 0.0098238980201666645 0.031392577346496101 -0.00063087271489823283 0.032701941615964035 0.031684159340128838 0.064944258796204746 0.011634648697515867 -0.0081595678535141148 -0.1070771672273902 -0.15755026300435943 -0.15619066593456299
leaf_weight=2.2906769262626829 48.723040333017707 206.81575213419273 14.553962026722727 91.358893529046327 93.415362556930631 38.186466917861253 36.654497947543859 57.151594705879688 271.61086180293933 18.240925364196301 5.5932367425411957 2.7262845926452419 20.529102958273143 16.764829749707133 135.62292012386024 1.4396847712341676 60.606804904527962 54.630878502735868 20.430526993470266 31.659837785176933 122.05984567385167 36.321642763912678 39.197002112865448 14.658965412527321 5.2450848843436688 3.0382186779752374 3.7509091477841139
leaf_count=101 27 54 27 24 44 42 24 18 48 20 89 10 217 51 22 30 46 41 40 42 47 12 12 27 94 54 55
internal_value=-0.00494039 -0.14469 0.0333718 0.0380332 0.0483578 0.0019013 -0.029771 -0.00244901 0.0609536 0.0304303 -0.0811412 -0.0486533 -0.0688587 -0.0643839 0.0748769 -0.124668 0.0209935 0.0350264 0.0496128 0.0332288 0.0382106 0.0499286 0.0231386 -0.0141142 -0.100354 -0.156693 -0.156192
internal_weight=1453.28 312.69 1140.59 1095.97 852.403 243.571 91.6058 105.875 500.649 351.754 44.6132 25.5461 22.8198 54.9513 229.038 19.0671 151.966 318.854 34.9845 283.869 190.041 67.9815 93.8279 32.8999 10.8383 8.22881 5.19059
internal_count=1318 99 1219 569 382 187 117 45 114 268 650 328 318 93 66 322 70 221 67 154 101 54 53 47 183 139 85
is_linear=0
shrinkage=0.05


Tree=10
num_leaves=28
num_cat=0
split_feature=1 18 2 3 1 20 1 1 2 3 3 22 21 2 1 10 2 3 1 3 1 1 3 21 3 3 7
split_gain=2800.12 1220.05 289.895 145.192 98.2507 94.2036 32.3578 29.5424 28.2859 12.5889 10.3264 6.05713 16.154 24.5898 5.01921 4.79714 4.68308 4.23647 15.7715 9.75051 3.57535 2.68391 2.60507 1.48252 1.36948 0.20675 0.0149069
threshold=3.5000000000000004 1.0000000180025095e-35 1.0000000180025095e-35 3.5000000000000004 2.5000000000000004 2.5000000000000004 1.5000000000000002 2.5000000000000004 4.5000000000000009 1.5000000000000002 3.5000000000000004 1.0000000180025095e-35 1.0000000180025095e-35 3.5000000000000004 1.5000000000000002 1.0000000180025095e-35 2.5000000000000004 2.5000000000000004 1.0000000180025095e-35 1.5000000000000002 1.0000000180025095e-35 1.0000000180025095e-35 1.0000000180025095e-35 1.0000000180025095e-35 3.5000000000000004 4.5000000000000009 1.0000000180025095e-35
decision_type=2 2 2 2 2 2 2 2 2 2 2 2 2 2 2 2 2 2 2 2 2 2 2 2 2 2 2
left_child=2 -2 6 5 21 7 17 9 15 14 -8 12 13 20 16 -7 -4 18 22 -20 -11 -5 -1 -23 -19 -12 -6
right_child=1 -3 3 4 26 8 10 -9 -10 11 25 -13 -14 -15 -16 -17 -18 24 19 -21 -22 23 -24 -25 -26 -27 -28
leaf_value=-0.13094257483170035 0.0026546296646364014 -0.20996661627400034 -0.051416108511682206 -0.077256829915798728 0.019541243742604842 0.058280987346945715 -0.3007538278277424 -0.026806574639858444 0.047541093359357273 -0.030097338106019708 -0.16652644912003889 0.037243192656733357 0.036318820977237404 0.020252854544348796 0.015891796162918252 0.075766721584106703 0.0057559332032466751 -0.099916246470326361 0.089465722874278633 -0.042527375914100107 -0.080967582814669051 -0.067498843430481709 -0.079817995710166928 -0.046877333398392729 -0.15548277137085323 -0.14883405752773787 0.02072487610502545
leaf_weight=2.8267210808117005 100.70403820835054 204.43507021153346 7.9648074985016137 13.500537805724887 88.350848126690835 54.883479104842991 1.5666276905685643 28.327193394303322 410.35605592792854 6.8068765606731159 3.4207896692678332 137.73183288914151 87.284822477027774 45.45352979330346 14.533601820468903 137.47617264837027 6.5089381700381637 4.4596111625432959 2.1624029085505745 3.9639999028295279 7.012467822059989 11.565981838386504 21.025452696951106 35.366479892749339 1.4757797454949466 3.1921026739291847 38.059782723896205
leaf_count=110 42 52 32 34 43 58 10 43 53 22 56 43 21 30 13 11 15 85 12 46 37 54 261 31 29 58 22
internal_value=-0.00484139 -0.139796 0.0301971 0.0350998 -0.00517179 0.0430678 -0.0955793 0.0220919 0.0549572 0.0265131 -0.185331 0.0297147 0.0226395 0.00249545 -0.00486392 0.0707777 -0.0257055 -0.0751382 -0.067497 0.00406151 -0.0559109 -0.0576107 -0.0858768 -0.0519593 -0.113732 -0.157986 0.0198976
internal_weight=1480.42 305.139 1175.28 1131.18 186.844 944.34 44.0935 341.624 602.716 313.297 8.17952 284.29 146.558 59.2729 29.0073 192.36 14.4737 35.914 29.9786 6.1264 13.8193 60.433 23.8522 46.9325 5.93539 6.61289 126.411
internal_count=1323 94 1229 562 184 378 667 256 122 213 124 153 110 89 60 69 47 543 429 58 59 119 371 85 114 114 65
is_linear=0
shrinkage=0.05


Tree=11
num_leaves=28
num_cat=0
split_feature=0 18 2 3 0 2 0 10 18 22 19 3 3 0 3 6 0 6 3 0 0 21 3 0 7 0 6
split_gain=2527.11 1101.1 261.63 131.035 88.6713 54.9467 29.2029 23.5152 21.0248 13.8244 16.1948 9.31958 3.82342 14.2337 8.79983 6.53262 3.56204 3.30462 4.94509 2.66766 2.42223 1.33798 0.186591 0.0281571 0.0134535 0.00758052 7.43152e-05
threshold=4.5000000000000009 1.0000000180025095e-35 1.0000000180025095e-35 3.5000000000000004 3.5000000000000004 2.5000000000000004 2.5000000000000004 1.0000000180025095e-35 1.0000000180025095e-35 1.0000000180025095e-35 1.0000000180025095e-35 3.5000000000000004 2.5000000000000004 1.5000000000000002 1.5000000000000002 1.0000000180025095e-35 3.5000000000000004 1.0000000180025095e-35 1.0000000180025095e-35 2.5000000000000004 1.5000000000000002 1.0000000180025095e-35 4.5000000000000009 2.5000000000000004 1.0000000180025095e-35 2.5000000000000004 1.0000000180025095e-35
decision_type=2 2 2 2 2 2 2 2 2 2 2 2 2 2 2 2 2 2 2 2 2 2 2 2 2 2 2
left_child=2 -2 6 5 20 9 12 8 16 10 25 -8 13 17 -15 -14 19 18 -1 -7 -5 -22 -13 -12 -6 -4 -24
right_child=1 -3 3 4 24 7 11 -9 -10 -11 23 22 15 14 -16 -17 -18 -19 -20 -21 21 -23 26 -25 -26 -27 -28
leaf_value=-0.14222995420831841 0.0025218989592173339 -0.19946828087398041 0.019113135848944182 -0.073393989428642697 0.018564180125510241 0.047312567673353678 -0.28571615678081042 0.06299041323387479 0.023412229389796119 0.033206744762570087 -0.025038731261212577 -0.1582001260024605 -0.16653251112463383 0.084992437460582104 -0.040401004159260873 -0.060999997716378519 0.052510384161009706 -0.12475584152616513 -0.064609814945334104 0.032795093592490679 -0.064123905659918642 -0.044533468563949734 -0.14163530120059262 -0.021821039995331488 0.019688633699702411 0.019960584565299384 -0.14115278584347848
leaf_weight=2.319391981931413 100.70403820835054 204.43507021153346 44.589596734382212 13.500537805724887 88.350848126690835 90.519273815210909 1.5666276905685643 201.57206003926694 109.72672260925174 142.63914094422944 12.062301191734152 3.4207896692678332 2.64595998590812 2.1624029085505745 3.9639999028295279 3.2894309221301228 214.35159676522017 3.7378054468426845 17.794976348988712 48.651289917528629 11.565981838386504 35.366479892749339 1.5849033491685987 15.581347160972653 38.059782723896205 64.64644892886281 1.607199324760586
leaf_count=103 42 52 39 34 43 66 10 45 67 50 27 56 69 12 46 45 10 114 154 16 54 31 29 26 22 32 29
internal_value=-0.00459932 -0.132806 0.0286872 0.0333449 -0.0049132 0.0409145 -0.0908004 0.0487349 0.0425319 0.022314 0.0109629 -0.176064 -0.0713813 -0.0641222 0.00385843 -0.108046 0.0484663 -0.0815829 -0.0735602 0.0422375 -0.0547301 -0.0493613 -0.150087 -0.0232251 0.0189027 0.0196147 -0.141392
internal_weight=1480.42 305.139 1175.28 1131.18 186.844 944.34 44.0935 664.821 463.249 279.519 136.88 8.17952 35.914 29.9786 6.1264 5.93539 353.522 23.8522 20.1144 139.171 60.433 46.9325 6.61289 27.6436 126.411 109.236 3.1921
internal_count=1323 94 1229 562 184 378 667 204 159 174 124 124 543 429 58 114 92 371 257 82 119 85 114 53 65 71 58
is_linear=0
shrinkage=0.05


Tree=12
num_leaves=26
num_cat=0
split_feature=0 18 2 3 5 2 0 5 10 18 2 18 3 7 19 5 6 3 0 3 3 0 10 3 6
split_gain=2280.71 993.739 236.121 118.259 86.8635 49.5894 26.3557 23.7761 21.2224 18.9748 16.1409 15.5864 8.41092 8.24321 5.61577 4.92704 3.5961 11.4042 16.689 4.46294 3.55948 0.460852 0.343908 0.168399 6.70686e-05
threshold=4.5000000000000009 1.0000000180025095e-35 1.0000000180025095e-35 3.5000000000000004 1.0000000180025095e-35 2.5000000000000004 2.5000000000000004 1.0000000180025095e-35 1.0000000180025095e-35 1.0000000180025095e-35 2.5000000000000004 1.0000000180025095e-35 3.5000000000000004 1.0000000180025095e-35 1.0000000180025095e-35 1.0000000180025095e-35 1.0000000180025095e-35 2.5000000000000004 1.5000000000000002 1.0000000180025095e-35 2.5000000000000004 1.5000000000000002 1.0000000180025095e-35 4.5000000000000009 1.0000000180025095e-35
decision_type=2 2 2 2 2 2 2 2 2 2 2 2 2 2 2 2 2 2 2 2 2 2 2 2 2
left_child=2 -2 6 5 22 7 16 11 9 15 -6 -4 -8 -9 -13 -7 17 18 19 -1 21 -18 -5 -14 -25
right_child=1 -3 3 4 10 8 12 13 -10 -11 -12 14 23 -15 -16 -17 20 -19 -20 -21 -22 -23 -24 24 -26
leaf_value=-0.13511845598437383 0.0023958018655318336 -0.1894948724659874 0.0049052617784730917 0.016272864467450864 0.0022177405352500051 0.050426819945702445 -0.27143033337690187 0.016185582611027698 0.059840893794341737 0.022241617677219872 -0.062720270850015594 -0.092589557300167435 -0.15029011940166734 0.035819024966029706 -0.020049113384241427 0.038095033087313324 -0.11851804803429994 -0.15820588319672305 0.030057730450975814 -0.06137932470880391 -0.057949998626673799 -0.15922403531886847 0.022077856538891338 -0.13455353010459301 -0.13409514359202757
leaf_weight=2.319391981931413 100.70403820835054 204.43507021153346 42.483553186291829 36.44949844898656 11.643610721454023 227.84807139029726 1.5666276905685643 86.737011065939441 201.57206003926694 109.72672260925174 53.708431277889758 6.3301275982521457 3.4207896692678332 139.35634898999706 4.6117941197007895 125.67408910766244 3.7378054468426845 2.64595998590812 5.2721768775954834 17.794976348988712 3.2894309221301228 0.85422593378461886 85.042089939117432 1.5849033491685987 1.607199324760586
leaf_count=103 42 52 46 49 47 52 10 56 45 67 66 35 56 21 16 40 114 69 45 154 45 13 22 29 29
internal_value=-0.00436935 -0.126166 0.0272529 0.0316776 -0.00466754 0.0388687 -0.0862603 0.0211983 0.0462981 0.0404053 -0.0511504 -0.00880054 -0.167261 0.028287 -0.0620153 0.046043 -0.0678122 -0.0594229 -0.0491271 -0.0698822 -0.0976511 -0.12609 0.0203363 -0.142583 -0.134323
internal_weight=1480.42 305.139 1175.28 1131.18 186.844 944.34 44.0935 279.519 664.821 463.249 65.352 53.4255 8.17952 226.093 10.9419 353.522 35.914 28.0325 25.3865 20.1144 7.88146 4.59203 121.492 6.61289 3.1921
internal_count=1323 94 1229 562 184 378 667 174 204 159 113 97 124 77 51 92 543 371 302 257 172 127 71 114 58
is_linear=0
shrinkage=0.05


Tree=13
num_leaves=30
num_cat=0
split_feature=0 5 2 3 5 2 0 5 10 2 0 22 0 2 3 3 0 3 0 6 3 0 0 3 6 19 10 3 6
split_gain=2058.34 735.822 213.099 106.729 78.3943 44.7544 23.786 21.4579 19.1533 14.5672 11.3562 11.0226 10.3941 9.49738 7.59086 3.46173 4.88965 13.7869 3.38281 2.67589 4.00906 1.91804 9.97644 1.69605 9.48573 0.760485 0.310377 0.15198 6.05287e-05
threshold=4.5000000000000009 1.0000000180025095e-35 1.0000000180025095e-35 3.5000000000000004 1.0000000180025095e-35 2.5000000000000004 2.5000000000000004 1.0000000180025095e-35 1.0000000180025095e-35 2.5000000000000004 3.5000000000000004 1.0000000180025095e-35 3.5000000000000004 3.5000000000000004 3.5000000000000004 3.5000000000000004 1.5000000000000002 1.5000000000000002 2.5000000000000004 1.0000000180025095e-35 1.0000000180025095e-35 2.5000000000000004 1.5000000000000002 2.5000000000000004 1.0000000180025095e-35 1.0000000180025095e-35 1.0000000180025095e-35 4.5000000000000009 1.0000000180025095e-35
decision_type=2 2 2 2 2 2 2 2 2 2 2 2 2 2 2 2 2 2 2 2 2 2 2 2 2 2 2 2 2
left_child=2 -2 6 5 26 7 15 12 10 -6 13 -9 18 -7 -8 16 19 -18 25 20 -1 22 -15 -19 -25 -4 -5 -16 -29
right_child=1 -3 3 4 9 8 14 11 -10 -11 -12 -13 -14 21 27 -17 17 23 -20 -21 -22 -23 -24 24 -26 -27 -28 28 -30
leaf_value=-0.12836253141563031 -0.17935095888158387 -0.018525628741728372 -0.07028399439573764 0.015459222596494841 0.0021068569529725085 0.050491702005167283 -0.25785882188817205 0.013811426714636891 0.056848848595052209 -0.059584258695175689 0.046799225570358413 0.036204186974735368 0.010911565469327424 -0.013260011358973282 -0.14277561138219438 -0.13941001401268605 0.079706476254878367 -0.038098882080059765 -0.018431397184917812 -0.11259214677499702 -0.058478929400493367 0.029192326444627999 0.032800927132492941 -0.15404477639148853 -0.0077434819311850318 -0.040787810780857581 0.020973963960760608 -0.12782585723673764 -0.12739039268011038
leaf_weight=2.3193919819314095 192.26031110854819 112.8787973113358 5.1232604584656656 36.44949844898656 11.643610721454023 50.346249112393707 1.5666276905685643 94.218102859333158 201.57206003926694 53.708431277889758 214.9421466588974 131.87525719660334 30.293012749403715 17.236124752089381 3.4207896692678332 1.4757797454949457 2.1624029085505745 3.9639999028295261 14.198629606515169 3.7378054468426845 17.818793627433479 143.7518692985177 36.972493285313249 2.284928142093122 2.1508657420054078 3.8105720898602158 85.042089939117432 1.5849033491685987 1.607199324760586
leaf_count=103 36 58 34 49 47 47 10 55 45 66 16 22 23 48 56 29 12 46 25 114 155 21 27 59 25 15 22 29 29
internal_value=-0.00415088 -0.119858 0.0258902 0.0300937 -0.00443416 0.0369253 -0.0819473 0.0201384 0.0439832 -0.0485929 0.038385 0.0268726 -0.00836052 0.0311015 -0.158898 -0.0644216 -0.0612081 -0.0328817 -0.0335982 -0.0737391 -0.0665277 0.02617 0.0181554 -0.0618659 -0.083105 -0.0577029 0.0193194 -0.135453 -0.127607
internal_weight=1480.42 305.139 1175.28 1131.18 186.844 944.34 44.0935 279.519 664.821 65.352 463.249 226.093 53.4255 248.307 8.17952 35.914 34.4382 10.5622 23.1325 23.876 20.1382 197.96 54.2086 8.39979 4.43579 8.93383 121.492 6.61289 3.1921
internal_count=1323 94 1229 562 184 378 667 174 204 113 159 77 97 143 124 543 514 142 74 372 258 96 75 130 84 49 71 114 58
is_linear=0
shrinkage=0.05


Tree=14
num_leaves=24
num_cat=0
split_feature=0 20 2 0 20 0 0 6 20 0 22 21 0 6 10 2 6 20 0 0 0 6 6
split_gain=1857.66 889.248 192.322 76.261 49.321 37.5586 21.4668 17.4598 13.8042 11.4466 10.4606 17.0468 9.38463 7.79367 7.14565 3.28642 3.08981 2.87361 2.82293 2.73433 0.931999 0.688222 0.196028
threshold=4.5000000000000009 2.5000000000000004 1.0000000180025095e-35 1.5000000000000002 2.5000000000000004 3.5000000000000004 2.5000000000000004 1.0000000180025095e-35 3.5000000000000004 3.5000000000000004 1.0000000180025095e-35 1.0000000180025095e-35 3.5000000000000004 1.0000000180025095e-35 1.0000000180025095e-35 2.5000000000000004 1.0000000180025095e-35 1.5000000000000002 2.5000000000000004 1.5000000000000002 1.5000000000000002 1.0000000180025095e-35 1.0000000180025095e-35
decision_type=2 2 2 2 2 2 2 2 2 2 2 2 2 2 2 2 2 2 2 2 2 2 2
left_child=2 -2 6 8 5 10 16 9 17 -6 11 13 -9 15 -7 -5 19 -4 -15 -1 -18 -8 -19
right_child=1 -3 3 4 7 14 21 12 -10 -11 -12 -13 -14 18 -16 -17 20 22 -20 -21 -22 -23 -24
leaf_value=-0.063201310558320636 -0.15859882694420796 0.048999522343679505 -0.03865501318127771 -0.046294136300877947 0.057849937672004949 -0.070480350800555744 -0.16097498787942571 0.024023973204795504 -0.00072449550916289535 0.037609765514936062 0.031012194131202698 0.027238851173418399 0.038454940808116539 -0.0037711031455576549 -0.019782044626881434 -0.010153650543003621 -0.10696253669140597 -0.070688435063158056 0.019339635451569998 -0.028482978011416665 -0.072529060229983178 -0.1299643827782905 -0.083266532715784936
leaf_weight=20.138185609364886 239.3864511679858 65.752657251898199 8.9577407306060213 11.982159446924927 146.75442410772666 9.6510989591479284 5.5360354296863061 194.16078535281122 14.839878282509742 133.30457858741283 142.49204520881176 92.512698363978416 268.38667059130967 30.089123107492924 24.834648289252073 13.242210015654562 3.7378054468426845 12.272949979640545 23.559017773717642 7.8943195850588372 4.1436568559147418 2.6434846040792763 4.143379697110503
leaf_count=258 64 30 57 32 35 36 78 64 11 20 36 29 37 22 38 23 114 44 25 113 58 46 53
internal_value=-0.00394334 -0.113865 0.0245957 0.028589 0.0310816 0.0155597 -0.07785 0.038363 -0.0390306 0.0482159 0.0210016 0.0126786 0.0323973 -0.00439959 -0.0339704 -0.0273212 -0.0612005 -0.0614337 0.00637774 -0.0534242 -0.0888592 -0.150953 -0.0738631
internal_weight=1480.42 305.139 1175.28 1131.18 1090.97 348.363 44.0935 742.606 40.2139 280.059 313.877 171.385 462.547 78.8725 34.4857 25.2244 35.914 25.3741 53.6481 28.0325 7.88146 8.17952 16.4163
internal_count=1323 94 1229 562 397 241 667 156 165 55 167 131 101 102 74 55 543 154 47 371 172 124 97
is_linear=0
shrinkage=0.05


Tree=15
num_leaves=23
num_cat=0
split_feature=19 10 22 21 20 6 21 18 20 0 20 2 20 2 18 0 20 2 6 0 6 0
split_gain=1406.81 1208.91 75.0777 55.8462 136.426 176.473 29.073 30.7703 20.8461 20.0644 16.6691 16.8107 31.602 40.173 42.8828 16.6213 6.54788 3.50734 2.79292 6.07262 0.998377 0.970836
threshold=1.0000000180025095e-35 1.0000000180025095e-35 1.0000000180025095e-35 1.0000000180025095e-35 1.5000000000000002 1.0000000180025095e-35 1.0000000180025095e-35 1.0000000180025095e-35 3.5000000000000004 2.5000000000000004 3.5000000000000004 4.5000000000000009 1.5000000000000002 3.5000000000000004 1.0000000180025095e-35 3.5000000000000004 3.5000000000000004 1.5000000000000002 1.0000000180025095e-35 1.5000000000000002 1.0000000180025095e-35 1.5000000000000002
decision_type=2 2 2 2 2 2 2 2 2 2 2 2 2 2 2 2 2 2 2 2 2 2
left_child=1 2 3 4 5 -1 10 -8 -9 18 11 12 17 -14 -15 -13 -5 -2 21 -20 -11 -4
right_child=6 -3 9 16 -6 -7 7 8 -10 20 -12 15 13 14 -16 -17 -18 -19 19 -21 -22 -23
leaf_value=-0.27541225788817736 0.021434042812991903 -0.16664629888049809 -0.047739840930088484 -0.019950600914932441 0.10618052320323956 0.048641001770909478 0.054104142300323267 -0.02537950566917543 0.027421435202123402 -0.14090420673086684 0.013711201834282994 0.011951261416427234 0.082343337981491529 0.015268406176299815 0.059824271538410093 0.037048264766515383 -0.001335822474823334 0.036492054274130339 -0.13802968191263901 -0.043413431076141776 -0.10659104355869042 -0.028199079774040736
leaf_weight=6.3249916802160451 105.53053075657226 194.79238874651492 20.041793533600867 76.101571628358215 35.658822896890342 12.512990156654269 28.398356909863651 51.919377373997122 29.209938247688115 6.4526825444772822 72.782561114057899 92.475091054337099 88.989469534251839 87.578420501202345 140.85769675858319 230.19356109201908 124.57277255598456 61.037441638763994 2.5717821593862018 4.9790155079681426 3.1570797534659505 9.3084730254486221
leaf_count=43 20 50 260 49 37 30 40 56 11 86 29 55 68 25 33 32 25 62 101 61 47 116
internal_value=-0.000873306 -0.0695491 -0.00685454 0.00379454 0.0486806 -0.0601623 0.0336026 0.00931052 -0.00636896 -0.0652783 0.036628 0.0386957 0.0445892 0.0538444 0.0427423 0.0298556 -0.00839509 0.0269519 -0.0485195 -0.0756395 -0.129631 -0.0415425
internal_weight=1485.45 496.474 301.682 255.171 54.4968 18.838 988.972 109.528 81.1293 46.5108 879.445 806.662 483.994 317.426 228.436 322.669 200.674 166.568 36.9011 7.5508 9.60976 29.3503
internal_count=1336 905 855 184 110 73 431 107 67 671 324 295 208 126 58 87 74 82 538 162 133 376
is_linear=0
shrinkage=0.05


Tree=16
num_leaves=23
num_cat=0
split_feature=19 3 20 6 20 7 3 1 1 5 18 3 20 20 6 1 1 20 1 3 18 1
split_gain=1269.65 1062.82 439.4 67.8951 61.0071 127.363 60.1842 58.6243 40.9976 40.4116 37.7561 33.6412 21.8354 26.3992 24.2479 21.855 11.7703 6.8709 6.12711 5.2654 1.23455 0.328827
threshold=1.0000000180025095e-35 3.5000000000000004 2.5000000000000004 1.0000000180025095e-35 1.5000000000000002 1.0000000180025095e-35 3.5000000000000004 1.5000000000000002 3.5000000000000004 1.0000000180025095e-35 1.0000000180025095e-35 2.5000000000000004 1.5000000000000002 3.5000000000000004 1.0000000180025095e-35 1.5000000000000002 1.0000000180025095e-35 1.0000000180025095e-35 1.0000000180025095e-35 1.0000000180025095e-35 1.0000000180025095e-35 1.5000000000000002
decision_type=2 2 2 2 2 2 2 2 2 2 2 2 2 2 2 2 2 2 2 2 2 2
left_child=1 3 -3 4 5 -1 12 17 9 -8 -4 16 20 14 -14 -16 19 18 -5 -7 -2 -13
right_child=6 2 10 7 -6 11 8 -9 -10 -11 -12 21 13 -15 15 -17 -18 -19 -20 -21 -22 -23
leaf_value=-0.27785377801432054 0.02824523187539188 -0.17625478394332206 -0.037117854707435519 -0.10279167716761328 0.0029131999723665154 -0.11377351218629757 0.019570993252658229 0.072815210835153688 0.06358784098956978 -0.026798323853837715 0.069444806618007601 -0.14448979665320186 0.063590047915232567 0.014670143064668746 0.062107763914309146 0.03336056076918769 0.0063634462062952708 -0.17827633013609998 -0.0084678958328338275 -0.036161767269520209 0.019297169415173385 -0.17082700065536327
leaf_weight=5.8857109942473462 60.854264116147533 190.21462113037705 15.437253775075076 3.2372986336704326 165.17779211513698 2.4989373644348261 116.29010159801692 45.421820145100355 30.033554643392563 78.845797338057309 18.009398428723216 2.3288308072369537 154.72346806433052 71.954658566042781 86.082300863461569 285.03160769445822 23.467546828323975 1.2911904212087391 3.677452385192737 17.413297939347103 105.15669209742919 2.4132132208906114
leaf_count=26 34 195 13 105 37 110 46 22 47 73 35 62 85 21 57 39 56 34 39 158 29 13
internal_value=-0.000829639 -0.0660716 -0.146868 0.000167601 -0.0121704 -0.0583025 0.0319225 0.0505951 0.00920527 0.0008352 0.020261 -0.0314495 0.0386195 0.0430746 0.0469614 0.0400287 -0.0176274 -0.0723983 -0.0526277 -0.0459019 0.0225772 -0.157893
internal_weight=1485.45 496.474 223.661 272.813 219.185 54.0075 988.972 53.6278 225.169 195.136 33.4467 48.1218 763.803 597.792 525.837 371.114 43.3798 8.20594 6.91475 19.9122 166.011 4.74204
internal_count=1336 905 243 662 462 425 431 200 166 119 48 399 265 202 181 96 324 178 144 268 63 75
is_linear=0
shrinkage=0.05


Tree=17
num_leaves=30
num_cat=0
split_feature=19 10 3 3 0 6 20 0 3 0 20 0 5 20 20 6 18 3 7 0 20 0 3 18 3 0 0 6 6
split_gain=1145.86 985.325 90.8865 100.157 217.014 67.9587 86.309 98.5168 54.3163 54.3037 44.8292 37.0003 36.4714 19.7064 23.8253 21.8837 21.2644 12.3155 12.1814 7.54916 5.94634 5.52972 4.7395 1.11418 0.596665 0.466196 0.0872688 0.232757 1.07681e-05
threshold=1.0000000180025095e-35 1.0000000180025095e-35 5.5000000000000009 3.5000000000000004 4.5000000000000009 1.0000000180025095e-35 1.5000000000000002 2.5000000000000004 3.5000000000000004 2.5000000000000004 5.5000000000000009 4.5000000000000009 1.0000000180025095e-35 1.5000000000000002 3.5000000000000004 1.0000000180025095e-35 1.0000000180025095e-35 2.5000000000000004 1.0000000180025095e-35 1.5000000000000002 1.0000000180025095e-35 1.5000000000000002 1.0000000180025095e-35 1.0000000180025095e-35 4.5000000000000009 3.5000000000000004 2.5000000000000004 1.0000000180025095e-35 1.0000000180025095e-35
decision_type=2 2 2 2 2 2 2 2 2 2 2 2 2 2 2 2 2 2 2 2 2 2 2 2 2 2 2 2 2
left_child=1 2 3 5 10 6 7 17 13 20 18 12 -10 23 15 -15 -17 19 -5 22 21 -7 -1 -2 25 26 -20 -28 -26
right_child=8 -3 -4 4 -6 9 -8 -9 11 -11 -12 -13 -14 14 -16 16 -18 -19 24 -21 -22 -23 -24 -25 28 -27 27 -29 -30
leaf_value=-0.10741223819841952 0.026832972652885007 -0.15042771669954524 0.16446099816903223 -0.034139218135956231 -0.40834300085519964 -0.097652095230969085 0.0031290891352914844 -0.23864981316607042 0.018592443153716009 0.072775786824743879 0.081153997259610602 0.060408449726024598 -0.025458405748540205 0.060410544728267783 0.013936635416746716 0.04512130882306363 0.017834738090377271 -0.14437701760508345 -0.11218671375101436 0.01731600082559244 -0.17072175659333708 -0.008044501877557229 -0.034968808992178628 0.018332312401821864 -0.11581108586512948 -0.082474473368295914 -0.10883175209392877 -0.083835026668852786 -0.11597349804381521
leaf_weight=2.5922894251998612 60.854264116147533 194.79238874651492 7.6075665345415464 13.55110333673656 4.5829540863633147 3.2372986336704326 164.87720215134323 7.843551928177475 116.29010159801692 44.871203009039164 6.073415756225585 30.033554643392563 78.845797338057309 154.72346806433052 71.954658566042781 274.63010763609782 96.483800921821967 2.5358905179891726 1.8480158485472182 6.6008148237597188 1.1964701432734726 3.677452385192737 17.494538777740672 105.15669209742919 2.1050478033721456 5.103832621127367 2.3670142162591219 1.5353238899260762 1.9809895539656279
leaf_count=113 34 50 21 27 5 105 33 24 46 15 1 47 73 85 21 56 40 70 34 47 32 39 163 29 33 6 39 20 28
internal_value=-0.000788159 -0.062768 -0.00616721 -0.0105813 -0.0850438 0.000853513 -0.0123696 -0.0813092 0.0303264 0.051254 -0.0421774 0.00874501 0.000793441 0.0366886 0.0409209 0.0446133 0.0380272 -0.0390792 -0.0684676 -0.0290736 -0.0678043 -0.0499963 -0.0443179 0.0214484 -0.0996042 -0.0934735 -0.103236 -0.0989971 -0.11589
internal_weight=1485.45 496.474 301.682 294.074 39.1477 254.927 201.944 37.0671 988.972 52.9824 34.5647 225.169 195.136 763.803 597.792 525.837 371.114 29.2235 28.4913 26.6876 8.11122 6.91475 20.0868 166.011 14.9402 10.8542 5.75035 3.90234 4.08604
internal_count=1336 905 855 834 193 641 450 417 431 191 188 166 119 265 202 181 96 393 187 323 176 144 276 63 160 99 93 59 61
is_linear=0
shrinkage=0.05


Tree=18
num_leaves=31
num_cat=0
split_feature=19 10 3 3 0 3 0 20 0 2 5 2 20 2 20 10 0 7 20 5 3 3 0 0 18 3 3 0 22 0
split_gain=1034.14 889.255 82.0251 90.3921 195.855 49.0204 41.4767 40.4584 33.3928 83.3635 32.9155 28.0262 17.7851 44.5088 13.4257 22.3654 13.1775 10.9937 5.46711 4.83995 3.1424 3.98218 5.59825 1.13496 1.00555 0.888519 0.538491 0.420742 0.377242 0.0787602
threshold=1.0000000180025095e-35 1.0000000180025095e-35 5.5000000000000009 3.5000000000000004 4.5000000000000009 3.5000000000000004 2.5000000000000004 5.5000000000000009 4.5000000000000009 3.5000000000000004 1.0000000180025095e-35 4.5000000000000009 1.5000000000000002 3.5000000000000004 3.5000000000000004 1.0000000180025095e-35 3.5000000000000004 1.0000000180025095e-35 2.5000000000000004 1.0000000180025095e-35 1.0000000180025095e-35 1.5000000000000002 1.5000000000000002 1.5000000000000002 1.0000000180025095e-35 2.5000000000000004 4.5000000000000009 3.5000000000000004 1.0000000180025095e-35 2.5000000000000004
decision_type=2 2 2 2 2 2 2 2 2 2 2 2 2 2 2 2 2 2 2 2 2 2 2 2 2 2 2 2 2 2
left_child=1 2 3 6 7 12 19 17 10 -10 -7 -12 24 -14 15 16 -15 -5 -8 20 28 22 -22 -23 -2 -25 27 29 -1 -19
right_child=5 -3 -4 4 -6 8 18 -9 9 -11 11 -13 13 14 -16 -17 -18 26 -20 -21 21 23 -24 25 -26 -27 -28 -29 -30 -31
leaf_value=-0.065964112579560558 0.025491320678656889 -0.14290632730492137 0.15623793591598759 -0.032432258511770402 -0.38792591771064244 0.01766282140695221 0.019113153788877412 0.077096298966873825 0.1503625955022411 -0.017247448314734997 -0.048393012326667248 0.012523698230206083 0.072025859052427338 0.015379919861910826 0.013239803712534432 0.052878623157497411 0.037033729760282651 -0.10657737925248981 0.0028994451529787408 -0.13012489494569673 -0.040295481054549297 -0.10564699218459012 0.011486761531888197 -0.042251149121533278 0.017415695408261312 -0.071749809809864798 -0.1100953351622799 -0.078350750185264995 -0.10195818161669237 -0.094047257914589177
leaf_weight=1.1423634383827441 60.854264116147533 194.79238874651492 7.6075665345415464 13.55110333673656 4.5829540863633147 116.29010159801692 90.95168511942029 6.073415756225585 13.373713351786138 16.659841291606426 47.513480802532285 31.332316535525024 86.584237633738667 113.79984673601575 71.954658566042781 141.81911385990679 183.63417839258909 1.8480158485472182 121.37347105145454 1.578649551142006 19.13472136575729 1.2866000942885847 7.1773298869375131 5.5444826704915613 105.15669209742919 4.7308040021453053 4.0860373573377737 5.103832621127367 2.0066046153660864 3.9023381061851978
leaf_count=33 34 50 21 27 5 46 45 1 24 23 38 35 62 79 21 28 12 34 10 33 217 56 16 51 29 91 61 6 89 59
internal_value=-0.000748751 -0.0596296 -0.00585885 -0.0100522 -0.0807916 0.0288101 0.000810837 -0.0400685 0.00830776 0.057388 0.000753769 -0.0241855 0.0348541 0.0388748 0.03326 0.0365395 0.0287489 -0.0650442 0.00984476 -0.044214 -0.040908 -0.0369177 -0.0261705 -0.0613758 0.020376 -0.0558325 -0.094624 -0.0887998 -0.0889005 -0.0980741
internal_weight=1485.45 496.474 301.682 294.074 39.1477 988.972 254.927 34.5647 225.169 30.0336 195.136 78.8458 763.803 597.792 511.208 439.253 297.434 28.4913 212.325 42.6016 41.0229 37.8739 26.3121 11.5619 166.011 10.2753 14.9402 10.8542 3.14897 5.75035
internal_count=1336 905 855 834 193 431 641 188 166 47 119 73 265 202 140 119 91 187 55 586 553 431 233 198 63 142 160 99 122 93
is_linear=0
shrinkage=0.05


Tree=19
num_leaves=31
num_cat=0
split_feature=19 3 3 18 0 6 0 3 0 2 18 2 21 0 3 0 2 2 10 0 3 2 21 0 0 0 0 18 0 0
split_gain=933.309 806.214 184.713 162.803 94.9007 52.407 45.0024 44.2409 30.137 75.2356 20.4039 36.1491 18.4037 120.766 38.2142 21.4293 12.0592 40.2938 9.66008 10.7578 5.62228 5.38764 5.13194 4.9488 1.97452 26.4338 1.46795 1.13344 0.372024 0.523256
threshold=1.0000000180025095e-35 3.5000000000000004 4.5000000000000009 1.0000000180025095e-35 3.5000000000000004 1.0000000180025095e-35 2.5000000000000004 3.5000000000000004 4.5000000000000009 3.5000000000000004 1.0000000180025095e-35 4.5000000000000009 1.0000000180025095e-35 4.5000000000000009 2.5000000000000004 3.5000000000000004 2.5000000000000004 3.5000000000000004 1.0000000180025095e-35 3.5000000000000004 1.0000000180025095e-35 1.0000000180025095e-35 1.0000000180025095e-35 1.5000000000000002 2.5000000000000004 1.5000000000000002 1.5000000000000002 1.0000000180025095e-35 3.5000000000000004 2.5000000000000004
decision_type=2 2 2 2 2 2 2 2 2 2 2 2 2 2 2 2 2 2 2 2 2 2 2 2 2 2 2 2 2 2
left_child=1 5 -3 4 -4 12 21 16 10 -10 -9 -12 13 14 15 20 27 -18 19 24 -1 23 -13 -7 25 -19 -22 -2 29 -16
right_child=7 2 3 -5 -6 6 -8 8 9 -11 11 22 -14 -15 28 -17 17 18 -20 -21 26 -23 -24 -25 -26 -27 -28 -29 -30 -31
leaf_value=-0.099619723207892363 0.026661258925518114 -0.1475330772557992 -0.039793525680797012 0.10042798824543749 -0.25763485126218527 -0.089989905319784111 0.064815227527262903 0.018279771746530313 0.14284446612728807 -0.016385075683774591 -0.046835282046633127 -0.0028533682569242586 -0.00063072031116326213 -0.28422216352352536 -0.12421050467945893 0.034112668169359227 0.067889152090229263 -0.029879925344984615 0.041361570048268251 0.03503572525751094 -0.03066064944812192 -0.15616959385980578 0.026733601155816206 -0.0052196713715190824 0.020819040206713518 0.047398334226905016 -0.0041376790390239551 0.017709860083510106 -0.11017591544344495 -0.15802791934497296
leaf_weight=2.6286125739570734 53.728019388625398 185.7877147551626 15.268011774867775 15.171842515468596 7.4337042886763802 3.2372986336704326 45.421820145100355 89.508140633348376 13.373713351786138 16.659841291606426 47.001175167039037 29.149378352798522 156.53334003221244 4.4344843178987494 2.5467236062977454 24.650366634130478 86.5914096836932 22.201479972572997 158.10578007437289 183.74043276906013 17.448910649167377 1.2911904212087391 29.477204782888293 3.677452385192737 133.91216663457453 22.062437912449241 7.4417458793614051 103.46126496652141 1.4246034100651739 2.0765421665273607
leaf_count=114 35 127 67 37 12 105 22 32 24 23 40 31 33 2 68 6 57 51 34 13 161 34 16 39 20 30 57 25 11 10
internal_value=-0.000711313 -0.0566481 -0.127018 -0.0263791 -0.111126 0.00104305 0.0453471 0.0273695 0.00789237 0.0545186 0.00071608 -0.0141673 -0.00979675 -0.0326977 -0.0135388 0.000253819 0.0331114 0.0363095 0.0310511 0.0265469 -0.0300752 -0.0624138 0.0120228 -0.0449068 0.0177929 0.00863783 -0.0227309 0.0207695 -0.132516 -0.1394
internal_weight=1485.45 496.474 223.661 37.8736 22.7017 272.813 53.6278 988.972 225.169 30.0336 195.136 105.628 219.185 62.652 58.2175 52.1696 763.803 606.614 520.022 361.917 27.5193 8.20594 58.6266 6.91475 178.176 44.2639 24.8907 157.189 6.04787 4.62327
internal_count=1336 905 243 116 79 662 200 431 166 47 119 87 462 429 427 338 265 205 148 114 332 178 47 144 101 81 218 60 89 78
is_linear=0
shrinkage=0.05


Tree=20
num_leaves=34
num_cat=0
split_feature=1 20 1 3 19 20 7 3 20 20 1 6 6 20 5 7 18 6 5 3 4 21 1 20 5 7 22 3 19 6 3 3 22
split_gain=800.741 841.239 120.34 30.0254 28.3393 29.5891 20.9425 38.4957 16.236 15.9687 15.1488 7.75448 7.40695 40.4167 7.10816 6.84579 3.85505 3.64649 2.80459 2.40289 1.43501 1.14446 0.709134 0.55892 2.42449 0.557427 1.40734 0.926645 0.0316841 0.00699943 0.087545 0.0787746 0.00298681
threshold=3.5000000000000004 2.5000000000000004 1.0000000180025095e-35 3.5000000000000004 1.0000000180025095e-35 5.5000000000000009 1.0000000180025095e-35 2.5000000000000004 2.5000000000000004 3.5000000000000004 1.5000000000000002 1.0000000180025095e-35 1.0000000180025095e-35 2.5000000000000004 1.0000000180025095e-35 1.0000000180025095e-35 1.0000000180025095e-35 1.0000000180025095e-35 1.0000000180025095e-35 1.0000000180025095e-35 1.0000000180025095e-35 1.0000000180025095e-35 1.5000000000000002 1.5000000000000002 1.0000000180025095e-35 1.0000000180025095e-35 1.0000000180025095e-35 1.5000000000000002 1.0000000180025095e-35 1.0000000180025095e-35 4.5000000000000009 4.5000000000000009 1.0000000180025095e-35
decision_type=2 2 2 2 2 2 2 2 2 2 2 2 2 2 2 2 2 2 2 2 2 2 2 2 2 2 2 2 2 2 2 2 2
left_child=2 -2 9 6 5 15 12 10 11 17 20 22 13 14 -4 -5 -14 19 -6 28 -8 29 -9 24 -21 -19 -27 -28 32 31 -31 -17 -1
right_child=1 -3 3 4 18 -7 7 8 -10 -11 -12 -13 16 -15 -16 21 -18 25 -20 23 -22 -23 -24 -25 -26 26 27 -29 -30 30 -32 -33 -34
leaf_value=-0.094054517445474037 -0.117139925542186 0.080271839687994118 -0.031109807122558338 -0.029099312227058471 0.01636183462049624 0.066251216984595865 0.007138330541594704 -0.12016610865549465 -0.0058051920436644928 -0.0024619142928871095 0.026138634075364306 -0.056904888718322971 0.037076396977709918 0.039581431556329469 0.0030095540401981315 -0.095206042634198823 0.026033720706859456 -0.10594470010885343 0.0007944123537258536 -0.055042658220397715 -0.016968295703182139 -0.062582727620112702 -0.15876635446883422 -0.058543058769299695 -0.018369471987635833 -0.035558937960696813 -0.11593326482870402 -0.077769284316812043 -0.085716741950075323 -0.080145904859027672 -0.095251755520067705 -0.081754728076308458 -0.09801750658613019
leaf_weight=0.63392248935997453 243.54701821319759 69.326503137126565 22.286915075965226 14.903756062034519 142.39734543208033 6.1221880391240111 8.1800487390719336 2.2549154127482343 10.515848823823033 14.896548712626098 152.95781781012192 6.6096224705688655 308.9731896482408 124.59964171797037 48.449256329797208 2.7853690413758159 106.2016545990482 2.5325218825601015 36.308965625241399 17.211091038538147 25.165469851344824 8.4379109963774681 2.5190530917607248 12.501566902268676 6.1054819531273088 1.5282657272182394 2.1592716209124774 6.0387929431162775 0.81930454471148539 2.0957786641083662 1.7684930488467214 1.7865325743332503 1.9018354010768235
leaf_count=24 65 36 36 26 39 2 60 58 14 14 30 34 42 26 28 51 37 51 60 159 22 21 13 40 21 15 82 28 4 36 27 32 83
internal_value=-0.00280659 -0.0733974 0.0172416 0.0214244 0.00487017 -0.0344014 0.0258041 0.0121104 -0.0505982 -0.0480476 0.0194816 -0.0919767 0.0304741 0.0224449 -0.00774047 -0.0537928 0.0342517 -0.0612509 0.0131989 -0.0538032 -0.0110547 -0.0756029 -0.140534 -0.0500132 -0.0454397 -0.08505 -0.0796094 -0.0878212 -0.0942649 -0.0886257 -0.0870591 -0.0899498 -0.0970268
internal_weight=1414.52 312.874 1101.65 1035.32 216.606 37.9 818.713 208.203 21.8994 66.3286 186.303 11.3836 610.511 195.336 70.7362 31.7778 415.175 51.4321 178.706 39.1732 33.3455 16.8741 4.77397 35.8181 23.3166 12.2589 9.72633 8.19806 3.35506 8.43617 3.86427 4.5719 2.53576
internal_count=1316 101 1215 694 294 195 400 231 119 521 112 105 169 90 64 193 79 507 99 331 82 167 71 220 180 176 125 110 111 146 63 83 107
is_linear=0
shrinkage=0.05


Tree=21
num_leaves=34
num_cat=0
split_feature=0 20 0 3 19 20 7 3 20 20 0 0 6 7 0 6 3 3 6 6 4 21 0 0 19 7 22 3 19 6 3 3 22
split_gain=722.669 759.218 108.607 27.098 25.5762 26.7042 18.9006 34.7424 14.653 14.4118 13.6718 7.01375 6.99842 6.17833 5.29636 3.29096 2.30866 2.16861 1.92355 1.88001 1.2951 1.03287 0.816197 0.639993 0.506276 0.503078 1.27012 0.836297 0.0285949 0.00631699 0.0790094 0.071094 0.00269559
threshold=4.5000000000000009 2.5000000000000004 1.5000000000000002 3.5000000000000004 1.0000000180025095e-35 5.5000000000000009 1.0000000180025095e-35 2.5000000000000004 2.5000000000000004 3.5000000000000004 2.5000000000000004 2.5000000000000004 1.0000000180025095e-35 1.0000000180025095e-35 3.5000000000000004 1.0000000180025095e-35 2.5000000000000004 1.0000000180025095e-35 1.0000000180025095e-35 1.0000000180025095e-35 1.0000000180025095e-35 1.0000000180025095e-35 3.5000000000000004 2.5000000000000004 1.0000000180025095e-35 1.0000000180025095e-35 1.0000000180025095e-35 1.5000000000000002 1.0000000180025095e-35 1.0000000180025095e-35 4.5000000000000009 4.5000000000000009 1.0000000180025095e-35
decision_type=2 2 2 2 2 2 2 2 2 2 2 2 2 2 2 2 2 2 2 2 2 2 2 2 2 2 2 2 2 2 2 2 2
left_child=2 -2 9 6 5 13 11 10 12 15 20 16 23 -5 18 17 -4 28 -13 -6 -8 29 -21 -9 -19 -17 -27 -28 32 31 -31 -15 -1
right_child=1 -3 3 4 19 -7 7 8 -10 -11 -12 14 -14 21 -16 25 -18 24 -20 22 -22 -23 -24 -25 -26 26 27 -29 -30 30 -32 -33 -34
leaf_value=-0.089351787812195105 -0.11128292249842198 0.076258247486270497 0.036234310541284592 -0.027644346366295858 0.01760287769209954 0.062938650397305215 0.0067814166863587703 -0.11415780515856833 -0.005514931785224185 -0.0023388186244289256 0.024831702520249223 0.017557027713535137 -0.054059646470294459 -0.09044573775982935 0.031589602724823494 -0.10064746420151582 0.053774097854884496 -0.053455650051593299 0.026356349255405233 0.013706511621723518 -0.016119880475407893 -0.059453592752053121 0.0037094031162877433 -0.15082803791529792 -0.04156673793513585 -0.033780990070866199 -0.11013659495515288 -0.073880818522110411 -0.08143089454391203 -0.076138608655160492 -0.090489163958617821 -0.077666993535352655 -0.093116628693337825
leaf_weight=0.63392248935997453 243.54701821319759 69.326503137126565 51.038079351186752 14.903756062034519 90.483082314021885 6.1221880391240111 8.1800487390719336 2.2549154127482343 10.515848823823033 14.896548712626098 152.95781781012192 135.98152686282992 6.6096224705688655 2.7853690413758159 279.50232904776931 2.5325218825601015 29.665287905372679 17.913029480725527 114.32343420386314 32.086439533159137 25.165469851344824 8.4379109963774681 56.136789210140705 2.5190530917607248 17.905110413208604 1.5282657272182394 2.1592716209124774 6.0387929431162775 0.81930454471148539 2.0957786641083662 1.7684930488467214 1.7865325743332503 1.9018354010768235
leaf_count=24 65 36 44 26 36 2 60 58 14 14 30 30 34 51 34 51 29 176 32 37 22 21 26 13 44 15 82 28 4 36 27 32 83
internal_value=-0.00266626 -0.0697276 0.0163795 0.0203531 0.00462666 -0.0326814 0.0245139 0.0115049 -0.0480683 -0.0456452 0.0185075 0.0289504 -0.0873779 -0.0511031 0.0268587 -0.0581883 0.0426817 -0.051113 0.021576 0.012539 -0.0105019 -0.0718227 0.00734531 -0.133507 -0.0475125 -0.0807975 -0.0756289 -0.0834302 -0.0895516 -0.0841944 -0.0827062 -0.0854523 -0.0921754
internal_weight=1414.52 312.874 1101.65 1035.32 216.606 37.9 818.713 208.203 21.8994 66.3286 186.303 610.511 11.3836 31.7778 529.807 51.4321 80.7034 39.1732 250.305 178.706 33.3455 16.8741 88.2232 4.77397 35.8181 12.2589 9.72633 8.19806 3.35506 8.43617 3.86427 4.5719 2.53576
internal_count=1316 101 1215 694 294 195 400 231 119 521 112 169 105 193 96 507 73 331 62 99 82 167 63 71 220 176 125 110 111 146 63 83 107
is_linear=0
shrinkage=0.05


Tree=22
num_leaves=36
num_cat=0
split_feature=0 20 0 3 2 20 7 3 20 20 0 0 2 6 18 2 7 6 6 3 2 0 2 0 20 2 7 22 3 3 6 6 7 19 22
split_gain=652.209 685.194 98.0181 24.4559 25.5878 24.6287 17.0578 31.355 13.2243 13.0066 12.3388 6.32991 6.89422 6.31607 5.67146 24.8428 4.95493 2.97009 2.00954 1.95717 1.16883 1.15415 0.857163 0.577594 0.539312 2.14831 0.454028 1.14628 0.754758 0.115314 0.402154 0.0949488 0.0370591 0.0258069 0.00243278
threshold=4.5000000000000009 2.5000000000000004 1.5000000000000002 3.5000000000000004 2.5000000000000004 5.5000000000000009 1.0000000180025095e-35 2.5000000000000004 2.5000000000000004 3.5000000000000004 2.5000000000000004 2.5000000000000004 2.5000000000000004 1.0000000180025095e-35 1.0000000180025095e-35 4.5000000000000009 1.0000000180025095e-35 1.0000000180025095e-35 1.0000000180025095e-35 1.0000000180025095e-35 1.0000000180025095e-35 3.5000000000000004 1.0000000180025095e-35 2.5000000000000004 1.5000000000000002 1.5000000000000002 1.0000000180025095e-35 1.0000000180025095e-35 1.5000000000000002 4.5000000000000009 1.0000000180025095e-35 1.0000000180025095e-35 1.0000000180025095e-35 1.0000000180025095e-35 1.0000000180025095e-35
decision_type=2 2 2 2 2 2 2 2 2 2 2 2 2 2 2 2 2 2 2 2 2 2 2 2 2 2 2 2 2 2 2 2 2 2 2
left_child=2 -2 9 6 5 16 11 10 13 17 20 12 -4 23 -13 -16 -5 19 -6 33 -8 22 29 -9 25 -21 -19 -28 -29 30 -18 -31 -20 34 -1
right_child=1 -3 3 4 18 -7 7 8 -10 -11 -12 14 -14 -15 15 -17 21 26 32 24 -22 -23 -24 -25 -26 -27 27 28 -30 31 -32 -33 -34 -35 -36
leaf_value=-0.084884198869673869 -0.10571878139916001 0.072445338870826714 0.0184140351914962 -0.02911166371604948 0.017697976460819335 0.059791720998993741 0.0064423472353540186 -0.10844990966861066 -0.0052391858079382046 -0.0022218777439263039 0.023590118526627096 0.021958217378229412 0.050196579987426208 -0.051356663367580338 0.051490636848290638 0.013252151359915892 -0.081092955627823399 -0.095615092454146289 0.0084249124323503895 -0.049349016449449355 -0.015313886963087435 -0.054489063879416488 -0.11852495219809278 -0.14328664555646894 -0.053515814222293762 -0.014182390986610643 -0.032091939868038315 -0.10462976877759107 -0.070186779072692981 -0.073783644736555937 -0.050500893976863408 -0.091191780300765996 0.0062860297381673166 -0.077359356539013907 -0.088460798714160557
leaf_weight=0.63392248935997453 243.54701821319759 69.326503137126565 24.501097314991057 15.681289753410963 89.938319117762148 6.1221880391240111 8.1800487390719336 2.2549154127482343 10.515848823823033 14.896548712626098 152.95781781012192 359.69812294840813 56.202269941568375 6.6096224705688655 88.021472059190273 82.087695106863976 2.7117695515044034 2.5325218825601015 31.74584293551743 17.545126022305343 25.165469851344824 8.2463052365928888 1.2670052875764666 2.5190530917607248 12.501566902268676 5.7714469693601123 1.5282657272182394 2.1592716209124774 6.0387929431162775 1.7865325743332505 1.7790446332655845 1.3948634788393974 55.933178875595331 0.81930454471148539 1.9018354010768235
leaf_count=24 65 36 32 31 29 2 60 58 14 14 30 49 41 34 43 4 49 51 37 167 22 17 15 13 40 13 15 82 28 32 32 26 24 4 83
internal_value=-0.00253295 -0.0662412 0.0155605 0.0193355 0.00439533 -0.0322841 0.0232882 0.0109296 -0.0456649 -0.043363 0.0175821 0.0275028 0.0405476 -0.083009 0.0255158 0.0330383 -0.0494353 -0.0552789 0.0124469 -0.0485574 -0.00997683 -0.06798 -0.0804251 -0.126832 -0.0451369 -0.0406444 -0.0767576 -0.0718475 -0.0792586 -0.0741332 -0.0689739 -0.0814161 0.00706045 -0.0850741 -0.0875667
internal_weight=1414.52 312.874 1101.65 1035.32 216.606 38.989 818.713 208.203 21.8994 66.3286 186.303 610.511 80.7034 11.3836 529.807 170.109 32.8668 51.4321 177.617 39.1732 33.3455 17.1855 8.93922 4.77397 35.8181 23.3166 12.2589 9.72633 8.19806 7.67221 4.49081 3.1814 87.679 3.35506 2.53576
internal_count=1316 101 1215 694 294 204 400 231 119 521 112 169 73 105 96 47 202 507 90 331 82 171 154 71 220 180 176 125 110 139 81 58 61 111 107
is_linear=0
shrinkage=0.05


Tree=23
num_leaves=36
num_cat=0
split_feature=0 20 0 3 19 20 7 3 20 20 0 6 20 6 7 19 18 6 3 6 18 0 4 0 0 20 19 7 22 3 3 6 19 6 22
split_gain=588.618 618.388 88.4613 22.0715 20.8151 21.7439 15.3946 28.2979 11.9349 11.7385 11.1357 6.60492 35.5256 5.70026 5.08589 4.1376 3.10482 2.68051 1.76635 1.51449 1.05983 2.80391 1.05487 0.727159 0.521279 0.486729 1.81803 0.40976 1.03452 0.681169 0.233853 0.365579 0.0232907 0.013091 0.00219557
threshold=4.5000000000000009 2.5000000000000004 1.5000000000000002 3.5000000000000004 1.0000000180025095e-35 5.5000000000000009 1.0000000180025095e-35 2.5000000000000004 2.5000000000000004 3.5000000000000004 2.5000000000000004 1.0000000180025095e-35 2.5000000000000004 1.0000000180025095e-35 1.0000000180025095e-35 1.0000000180025095e-35 1.0000000180025095e-35 1.0000000180025095e-35 1.0000000180025095e-35 1.0000000180025095e-35 1.0000000180025095e-35 3.5000000000000004 1.0000000180025095e-35 3.5000000000000004 2.5000000000000004 1.5000000000000002 1.0000000180025095e-35 1.0000000180025095e-35 1.0000000180025095e-35 1.5000000000000002 4.5000000000000009 1.0000000180025095e-35 1.0000000180025095e-35 1.0000000180025095e-35 1.0000000180025095e-35
decision_type=2 2 2 2 2 2 2 2 2 2 2 2 2 2 2 2 2 2 2 2 2 2 2 2 2 2 2 2 2 2 2 2 2 2 2
left_child=2 -2 9 6 5 14 11 10 13 17 22 12 15 24 -5 -4 -13 18 32 -6 21 30 -8 -21 -9 26 -20 -19 -29 -30 31 -16 34 -32 -1
right_child=1 -3 3 4 19 -7 7 8 -10 -11 -12 16 -14 -15 20 -17 -18 27 25 23 -22 -23 -24 -25 -26 -27 -28 28 29 -31 33 -33 -34 -35 -36
leaf_value=-0.080639991159287022 -0.10043283992130765 0.068823070746062809 -0.00016111341393799993 -0.024820354424645339 0.015858598446984846 0.056802130081123926 0.0061202261375021862 -0.1030274122745162 -0.0049772268266286383 -0.0021107837701406858 0.022410612495455003 0.032229937933657693 0.034611886059817791 -0.04878883187877759 -0.077132280655175717 -0.024997767329270951 0.022319853716454358 -0.090834336876221 -0.046702302639469034 0.012656235876454494 -0.083500827855491122 -0.020191406477985865 -0.014548192290003217 0.0032201540075445798 -0.13612230719458271 -0.050840021497167071 -0.014517592794573139 -0.030487344046204675 -0.099398280257840282 -0.066677444533700295 -0.080360724250368096 -0.047975849679517055 -0.073491381807889999 -0.086632189883182179 -0.084037757036380334
leaf_weight=0.63392248935997453 243.54701821319759 69.326503137126565 43.414184692315757 14.903756062034519 90.483082314021885 6.1221880391240111 8.1800487390719336 2.2549154127482343 10.515848823823033 14.896548712626098 152.95781781012192 308.9731896482408 124.59964171797037 6.6096224705688655 2.7170967264100927 27.321986713446677 106.2016545990482 2.5325218825601015 17.455579286906872 32.086439533159137 5.2686245376244178 3.6520071467384696 25.165469851344824 56.136789210140705 2.5190530917607248 12.501566902268676 5.8609937047585836 1.5282657272182394 2.1592716209124774 6.0387929431162775 2.0624478021636605 1.7790446332655845 0.81930454471148539 1.3948634788393977 1.9018354010768235
leaf_count=24 65 36 21 26 36 2 60 58 14 14 30 42 26 34 50 43 37 51 165 37 17 7 22 26 13 40 15 15 82 28 35 32 4 26 83
internal_value=-0.0024063 -0.0629291 0.0147825 0.0183687 0.00417556 -0.0294813 0.0221238 0.0103831 -0.0433816 -0.0411948 0.016703 0.0261277 0.0185457 -0.0788585 -0.0461044 -0.00975432 0.0296949 -0.052515 -0.0461295 0.0113135 -0.0649031 -0.0564602 -0.00947799 0.00665202 -0.12049 -0.04288 -0.0386122 -0.0729197 -0.0682551 -0.0752957 -0.0731138 -0.0655956 -0.0808203 -0.082891 -0.0831883
internal_weight=1414.52 312.874 1101.65 1035.32 216.606 37.9 818.713 208.203 21.8994 66.3286 186.303 610.511 195.336 11.3836 31.7778 70.7362 415.175 51.4321 39.1732 178.706 16.8741 11.6055 33.3455 88.2232 4.77397 35.8181 23.3166 12.2589 9.72633 8.19806 7.95345 4.49614 3.35506 3.45731 2.53576
internal_count=1316 101 1215 694 294 195 400 231 119 521 112 169 90 105 193 64 79 507 331 99 167 150 82 63 71 220 180 176 125 110 143 82 111 61 107
is_linear=0
shrinkage=0.05


Tree=24
num_leaves=37
num_cat=0
split_feature=0 20 0 3 7 19 20 0 20 3 2 6 20 5 0 2 2 7 5 6 20 6 3 3 0 20 2 7 22 3 2 0 0 19 22 0
split_gain=531.228 558.095 79.8363 20.1533 21.1192 23.8625 16.9188 17.9318 10.594 10.0935 8.83859 8.47527 29.0267 8.23908 7.37246 7.25532 15.8131 6.33901 6.21191 5.67667 3.02977 2.41916 1.59413 1.34429 0.791805 0.439273 1.75765 0.369809 0.933656 0.614755 0.248096 0.160262 0.158587 0.0210199 0.00198151 0.00145361
threshold=4.5000000000000009 2.5000000000000004 1.5000000000000002 4.5000000000000009 1.0000000180025095e-35 1.0000000180025095e-35 5.5000000000000009 2.5000000000000004 3.5000000000000004 2.5000000000000004 2.5000000000000004 1.0000000180025095e-35 2.5000000000000004 1.0000000180025095e-35 3.5000000000000004 4.5000000000000009 1.5000000000000002 1.0000000180025095e-35 1.0000000180025095e-35 1.0000000180025095e-35 2.5000000000000004 1.0000000180025095e-35 1.0000000180025095e-35 3.5000000000000004 2.5000000000000004 1.5000000000000002 1.5000000000000002 1.0000000180025095e-35 1.0000000180025095e-35 1.5000000000000002 1.5000000000000002 2.5000000000000004 3.5000000000000004 1.0000000180025095e-35 1.0000000180025095e-35 3.5000000000000004
decision_type=2 2 2 2 2 2 2 2 2 2 2 2 2 2 2 2 2 2 2 2 2 2 2 2 2 2 2 2 2 2 2 2 2 2 2 2
left_child=2 -2 8 4 11 9 7 -5 21 32 -7 12 13 30 17 16 -13 -9 19 23 -12 22 33 31 -21 26 -24 -23 -29 -30 -4 -11 -6 34 -1 -25
right_child=1 -3 3 6 5 10 -8 14 -10 18 20 15 -14 -15 -16 -17 -18 -19 -20 24 -22 27 25 35 -26 -27 -28 28 29 -31 -32 -33 -34 -35 -36 -37
leaf_value=-0.076607993026391055 -0.095411193502896632 0.065381917876825554 -0.030278179042543141 0.041567984842745626 -0.0063947265313165722 0.021908791419205632 0.055930893101259684 -0.020095379581604917 -0.0020052447251937139 -0.099539974783072749 -0.0092596403814711962 0.069366751290657877 0.026027294746247522 0.00084756197672586396 -0.10137476255859119 0.024332033344947709 0.024882378702657078 -0.091359530208286382 -0.013277781967544722 -0.0046989223709462671 0.0090760141781903465 -0.086292621126911384 -0.044555054940932683 -0.07327566518045224 -0.04478816349479961 -0.048298022582333788 -0.012746203165732698 -0.028962976427980083 -0.094428363553351088 -0.063343568744071488 -0.040622939034971522 -0.11895142365515821 0.0022637305237096198 -0.069816819269284486 -0.079835870418769217 -0.071770388790132339
leaf_weight=0.63392248935997453 243.54701821319759 69.326503137126565 12.516536734998228 5.9321267521008876 8.8339854720979929 132.75275671482086 6.073415756225585 12.259217843413358 14.896548712626098 2.3575311379972828 36.983832914382219 30.627894324716181 206.65256924182177 50.690640027634799 6.4312670677900305 357.921226602979 57.450808862224221 4.1859635571017852 8.4568843003362417 2.8199061332270512 57.647273119539022 2.5325218825601015 17.545126022305343 2.7170967264100909 2.1868972610682249 12.501566902268676 5.7714469693601123 1.5282657272182394 2.1592716209124774 6.0387929431162775 10.794195135124026 1.9368677265010772 13.176543235778809 0.81930454471148539 1.9018354010768235 3.9143364056944847
leaf_count=24 65 36 12 16 72 20 1 11 14 59 27 26 31 33 36 34 48 71 16 45 23 51 167 50 19 40 13 15 82 28 32 7 3 4 83 2
internal_value=-0.00228598 -0.0597827 0.0140434 0.0174503 0.0187529 0.00691772 -0.0199092 -0.0358977 -0.0391351 -0.0257595 0.0135858 0.023212 0.0164049 -0.0104661 -0.0559855 0.0274956 0.0403511 -0.038235 -0.0479131 -0.0662972 0.00191005 -0.0498892 -0.043823 -0.0865007 -0.0222093 -0.040736 -0.0366816 -0.0692737 -0.0648424 -0.0715309 -0.0350684 -0.108295 -0.00121136 -0.0767793 -0.0790289 -0.0723871
internal_weight=1414.52 312.874 1101.65 1035.32 1000.44 273.784 34.882 28.8086 66.3286 46.4 227.384 726.654 280.654 74.0014 22.8764 446 88.0787 16.4452 24.3895 15.9326 94.6311 51.4321 39.1732 10.9258 5.0068 35.8181 23.3166 12.2589 9.72633 8.19806 23.3107 4.2944 22.0105 3.35506 2.53576 6.63143
internal_count=1316 101 1215 694 559 343 135 134 521 273 70 216 108 77 118 108 74 82 198 182 50 507 331 118 64 220 180 176 125 110 44 66 75 111 107 52
is_linear=0
shrinkage=0.05


Tree=25
num_leaves=31
num_cat=0
split_feature=3 18 0 2 6 2 22 0 2 5 0 0 3 0 0 4 3 10 0 3 5 0 3 6 6 3 2 3 0 5
split_gain=289.739 221.337 302.994 67.4669 37.9139 34.909 30.9472 25.9276 23.9717 16.5972 90.1604 19.5979 14.4619 11.9698 9.81646 9.22252 7.12814 6.62175 10.4233 8.91889 9.66729 2.28307 4.12215 1.93044 1.54501 1.43292 0.906266 0.848156 0.134659 0.00695269
threshold=3.5000000000000004 1.0000000180025095e-35 4.5000000000000009 2.5000000000000004 1.0000000180025095e-35 4.5000000000000009 1.0000000180025095e-35 3.5000000000000004 3.5000000000000004 1.0000000180025095e-35 4.5000000000000009 3.5000000000000004 2.5000000000000004 4.5000000000000009 2.5000000000000004 1.0000000180025095e-35 4.5000000000000009 1.0000000180025095e-35 3.5000000000000004 2.5000000000000004 1.0000000180025095e-35 1.5000000000000002 1.5000000000000002 1.0000000180025095e-35 1.0000000180025095e-35 1.0000000180025095e-35 1.0000000180025095e-35 2.5000000000000004 2.5000000000000004 1.0000000180025095e-35
decision_type=2 2 2 2 2 2 2 2 2 2 2 2 2 2 2 2 2 2 2 2 2 2 2 2 2 2 2 2 2 2
left_child=3 7 5 4 9 24 14 16 -5 10 11 15 -11 -9 -6 21 23 18 19 -10 -21 25 -23 26 -3 -1 -2 -24 -25 -18
right_child=1 2 -4 8 6 -7 -8 13 17 12 -12 -13 -14 -15 -16 -17 29 -19 -20 20 -22 22 27 28 -26 -27 -28 -29 -30 -31
leaf_value=-0.072214952637848981 -0.066641279851614554 -0.02744004623695075 -0.1178372642254802 0.053647609978234145 0.028677522698881349 0.011268317851421395 0.0082819341904425588 0.0096294240613764449 -0.010501274626264592 0.017032905899592835 -0.24443631792015885 0.02030393621231252 -0.010328427289024306 0.037149462966389567 0.072213669433933148 -0.082965672447806713 -0.01512552950744836 0.033486464592469976 0.029142131024193042 0.0038762817413593182 0.034117330976487073 0.01314904754603599 -0.022569884733548855 -0.084728883056008036 -0.043856683485324628 -0.029304262122899861 -0.021708927411810762 -0.05897632747633063 -0.10327097210271055 -0.013015885702633144
leaf_weight=2.1838144275825497 2.6006665560416895 22.329182761255652 114.95866566896439 94.445399349555373 21.368990710936487 85.121512805111706 101.65793804638088 89.21501795668155 34.277546982746571 83.783430442679673 4.4571836888790122 27.630636174231768 114.01097400858998 70.922771245241165 32.855210644192994 7.7604059951845548 5.8326677870936701 210.39133143052459 218.22087084688246 53.37840767391026 52.340524675324559 9.1344727501273137 3.5354234583210191 1.7775286254473033 40.015966793056577 17.827164527028799 1.9740399331785736 2.9219607303384691 2.1801061988808215 11.820016764104366
leaf_count=98 46 38 46 70 38 48 152 26 64 31 2 17 20 22 23 37 68 39 17 20 22 9 43 21 49 154 8 66 24 4
internal_value=0.00642563 -0.0273986 -0.0569873 0.0203231 0.00487591 -0.00955135 0.0245527 0.0142755 0.0303205 -0.00634938 -0.0263013 -0.0126062 0.00126152 0.0218177 0.0550567 -0.0335762 -0.0318497 0.0264459 0.0223107 0.0116622 0.0188484 -0.0228107 -0.00846666 -0.0693732 -0.037977 -0.0339871 -0.0472524 -0.0390438 -0.094943 -0.0137129
internal_weight=1540.93 448.748 262.425 1092.18 429.128 147.467 155.882 186.323 663.054 273.245 75.4511 70.9939 197.794 160.138 54.2242 43.3632 26.185 568.609 358.217 139.996 105.719 35.6028 15.5919 8.53234 62.3451 20.011 4.57471 6.45738 3.95763 17.6527
internal_count=1322 400 181 922 690 135 213 219 232 477 426 424 51 48 61 407 171 162 123 106 42 370 118 99 87 252 54 109 45 72
is_linear=0
shrinkage=0.05


Tree=26
num_leaves=35
num_cat=0
split_feature=3 20 6 21 20 2 2 6 2 20 0 4 2 5 5 3 0 3 10 0 3 5 0 2 4 0 0 2 2 3 20 20 0 3
split_gain=261.489 563.442 190.651 190.596 172.68 60.8889 59.2114 34.2173 33.1834 26.5416 77.3019 25.2792 21.6344 21.3309 13.8164 8.7241 7.24141 6.78613 5.97613 9.40702 8.0493 8.72473 5.30966 4.89217 2.57111 3.84455 2.57999 2.45072 2.3112 1.28891 0.156394 47.2907 0.0420613 0.197612
threshold=3.5000000000000004 2.5000000000000004 1.0000000180025095e-35 1.0000000180025095e-35 1.5000000000000002 2.5000000000000004 2.5000000000000004 1.0000000180025095e-35 3.5000000000000004 1.5000000000000002 4.5000000000000009 1.0000000180025095e-35 3.5000000000000004 1.0000000180025095e-35 1.0000000180025095e-35 1.5000000000000002 4.5000000000000009 2.5000000000000004 1.0000000180025095e-35 3.5000000000000004 2.5000000000000004 1.0000000180025095e-35 3.5000000000000004 4.5000000000000009 1.0000000180025095e-35 1.5000000000000002 2.5000000000000004 1.0000000180025095e-35 1.5000000000000002 1.0000000180025095e-35 2.5000000000000004 1.5000000000000002 2.5000000000000004 4.5000000000000009
decision_type=2 2 2 2 2 2 2 2 2 2 2 2 2 2 2 2 2 2 2 2 2 2 2 2 2 2 2 2 2 2 2 2 2 2
left_child=5 2 4 8 -2 7 -3 9 13 10 17 -9 30 28 -8 -13 -17 22 19 20 -14 -22 24 -16 25 29 -27 -19 32 -1 31 -7 -4 -34
right_child=1 6 3 -5 -6 12 14 11 -10 -11 -12 15 18 -15 23 16 -18 27 -20 -21 21 -23 -24 -25 -26 26 -28 -29 -30 -31 -32 -33 33 -35
leaf_value=-0.068604203936526442 -0.10385651870641194 0.05430110268900782 -0.072326659121205283 -0.29739445384143265 0.037894742497296192 -0.020355405539079878 0.011943874232153531 0.0086347726266980101 -0.18417757466484341 0.003004473543738615 -0.23235399925865244 0.081194344692295611 -0.0099762109235138757 0.056906544472424742 -0.028552698983306271 0.017093902508369892 0.061066327999877691 -0.056027509669863286 0.03181214085896427 0.027685023105276863 0.0036824672365969439 0.032411462246465371 0.0072960941450201967 -0.0034718628595149094 -0.0503354362047915 0.029335231369612021 -0.015801698739132133 -0.14066543497819017 -0.13683666791040722 -0.027912144920581972 0.04965657705968287 0.11156066404083352 -0.048791027039253115 -0.074830548802063621
leaf_weight=2.1838144275825497 94.794842377305031 73.403220048639923 1.3982162331230918 21.495130796451122 27.78112908359617 12.032472040504217 136.94445185782388 101.73093003546819 4.228704026900231 204.48526713717729 4.5375175625085822 16.533904956653714 34.277546982746571 4.9889747574925423 34.177073646336794 20.059636245016009 17.557668164372444 2.9219607303384683 210.39133143052459 218.22087084688246 53.37840767391026 52.340524675324559 19.010983634740114 45.098406063392758 7.8814185017254195 5.3147829698864353 7.8299851422198117 1.2092102132737634 1.5235903379507361 17.870525883510709 66.807922720909119 15.605004588142037 1.4609327455982568 1.4534711204469202
leaf_count=98 116 39 18 16 36 20 29 145 23 41 3 21 64 14 19 44 3 66 39 17 20 22 10 32 32 45 9 18 13 155 14 36 18 27
internal_value=0.00610435 -0.0260287 -0.101615 -0.201842 -0.0717294 0.0193069 0.0154998 0.00463212 -0.0654039 -0.00603191 -0.0329051 0.0233251 0.0288045 -0.0190066 0.00232737 0.050923 0.0376178 -0.0188135 0.0251236 0.0211952 0.0110791 0.0179059 -0.014552 -0.0142847 -0.0246627 -0.018568 0.00244838 -0.0808014 -0.0838996 -0.0323433 0.0509652 0.0541286 -0.0651977 -0.0617775
internal_weight=1540.93 448.748 159.125 36.549 122.576 1092.18 289.623 429.128 15.0539 273.245 68.7602 155.882 663.054 10.8252 216.22 54.1512 37.6173 64.2227 568.609 358.217 139.996 105.719 60.0915 79.2755 41.0805 33.1991 13.1448 4.13117 5.83621 20.0543 94.4454 27.6375 4.31262 2.9144
internal_count=1322 400 281 129 152 922 119 690 113 477 436 213 232 90 80 68 47 433 162 123 106 42 349 51 339 307 54 84 76 253 70 56 63 45
is_linear=0
shrinkage=0.05


Tree=27
num_leaves=37
num_cat=0
split_feature=3 20 6 21 18 1 2 1 1 6 22 2 20 1 2 2 1 3 5 1 6 18 2 1 5 20 1 1 2 2 3 20 20 20 1 3
split_gain=235.994 508.507 172.062 172.013 169.617 57.0437 54.9522 54.9033 31.8167 30.8811 25.3613 24.9272 23.9538 69.765 19.5251 8.07656 7.94725 6.12448 5.31856 4.79197 4.62358 17.57 4.09017 3.24943 8.01309 2.32042 3.46971 2.32844 2.21177 1.79369 1.16325 1.05483 0.141145 42.6799 0.0272627 0.0488681
threshold=3.5000000000000004 2.5000000000000004 1.0000000180025095e-35 1.0000000180025095e-35 1.0000000180025095e-35 3.5000000000000004 2.5000000000000004 3.5000000000000004 3.5000000000000004 1.0000000180025095e-35 1.0000000180025095e-35 3.5000000000000004 1.5000000000000002 3.5000000000000004 3.5000000000000004 2.5000000000000004 1.5000000000000002 2.5000000000000004 1.0000000180025095e-35 2.5000000000000004 1.0000000180025095e-35 1.0000000180025095e-35 4.5000000000000009 2.5000000000000004 1.0000000180025095e-35 1.0000000180025095e-35 1.0000000180025095e-35 1.5000000000000002 1.0000000180025095e-35 2.5000000000000004 1.0000000180025095e-35 1.5000000000000002 2.5000000000000004 1.5000000000000002 1.5000000000000002 4.5000000000000009
decision_type=2 2 2 2 2 2 2 2 2 2 2 2 2 2 2 2 2 2 2 2 2 2 2 2 2 2 2 2 2 2 2 2 2 2 2 2
left_child=6 2 4 8 5 15 9 18 11 12 16 29 13 17 32 31 -11 19 -3 25 21 -16 -20 24 -22 26 30 -28 -19 34 -1 -2 33 -8 -4 -36
right_child=1 7 3 -5 -6 -7 14 -9 -10 10 -12 -13 -14 -15 20 -17 -18 28 22 -21 23 -23 -24 -25 -26 -27 27 -29 -30 -31 -32 -33 -34 -35 35 -37
leaf_value=-0.065173997040213691 -0.058206831280673936 0.0090450343532126245 -0.079279642267231443 -0.28252472269438073 -0.095151548560413246 0.15100549978933994 -0.019337636310132279 0.05556852495098813 0.071209085890555371 0.026037822763933235 0.0074294756422389717 -0.21714554101293243 0.0028542491140446189 -0.22073628600377129 0.0085620904296682503 0.040398815609027604 0.065210282977267525 -0.053226136424765647 -0.015231608223267086 0.006931288816593004 -1.5948756261936924e-05 0.040653446810092198 0.0076326978060180023 0.023924149069725342 0.025420150223414501 -0.047818665240774438 0.027868466257054608 -0.015011613727241385 -0.13363216250770818 -0.026275735682519969 -0.026516532889483253 -0.017983210429861507 0.0471737487616447 0.10598262721704921 -0.065527915030679146 -0.077527735742540099
leaf_weight=2.1838144275825497 5.0241582654416561 141.39184594433755 1.6253837430849651 21.495130796451122 101.23023109789938 9.5242103263735771 12.032472040504217 64.075615465641022 3.448727846145629 21.368990710936487 101.65793804638088 3.3354049092158666 204.48526713717729 4.5375175625085822 63.428410505875945 4.3848208822309971 32.855210644192994 2.9219607303384683 53.234571848064661 19.010983634740114 55.967692452482879 130.20982287917286 30.921118358150125 249.70009300298989 69.302662768866867 7.8814185017254195 5.3147829698864353 7.8299851422198117 1.2092102132737634 3.2492353208363056 17.870525883510709 2.4125508889555931 66.807922720909119 15.605004588142037 1.7322763344272973 1.6628610678017137
leaf_count=98 84 33 24 16 50 6 20 25 11 38 152 20 41 3 36 7 23 66 36 10 43 25 25 23 35 32 45 9 18 7 155 5 14 36 21 30
internal_value=0.00579913 -0.0247272 -0.0965339 -0.19175 -0.068143 0.0599428 0.0183416 0.0147248 -0.0621337 0.00440051 0.0221588 -0.101759 -0.00573032 -0.0312599 0.0273642 -0.0134233 0.049773 -0.0178728 0.00312155 -0.0138244 0.0238674 0.0301416 -0.00683063 0.0206274 0.0140559 -0.0234295 -0.0176396 0.00232595 -0.0767613 -0.0552212 -0.0307261 -0.0451578 0.048417 0.0514222 -0.0739545 -0.0714052
internal_weight=1540.93 448.748 159.125 36.549 122.576 21.3457 1092.18 289.623 15.0539 429.128 155.882 11.6052 273.245 68.7602 663.054 11.8215 54.2242 64.2227 225.548 60.0915 568.609 193.638 84.1557 374.97 125.27 41.0805 33.1991 13.1448 4.13117 8.26976 20.0543 7.43671 94.4454 27.6375 5.02052 3.39514
internal_count=1322 400 281 129 152 102 922 119 113 690 213 102 477 436 232 96 61 433 94 349 162 61 61 101 78 339 307 54 84 82 253 89 70 56 75 51
is_linear=0
shrinkage=0.05


Tree=28
num_leaves=23
num_cat=0
split_feature=0 18 0 2 2 5 2 6 18 2 18 19 6 2 2 0 18 6 22 0 18 2
split_gain=133.184 219.63 49.1419 20.8697 15.6659 12.3825 49.6846 9.791 16.403 7.85823 8.94721 5.20951 4.69964 3.48879 2.01846 1.99206 1.70138 1.37834 1.86068 0.953063 0.420566 0.607633
threshold=4.5000000000000009 1.0000000180025095e-35 1.5000000000000002 2.5000000000000004 1.0000000180025095e-35 1.0000000180025095e-35 4.5000000000000009 1.0000000180025095e-35 1.0000000180025095e-35 4.5000000000000009 1.0000000180025095e-35 1.0000000180025095e-35 1.0000000180025095e-35 3.5000000000000004 4.5000000000000009 2.5000000000000004 1.0000000180025095e-35 1.0000000180025095e-35 1.0000000180025095e-35 2.5000000000000004 1.0000000180025095e-35 1.5000000000000002
decision_type=2 2 2 2 2 2 2 2 2 2 2 2 2 2 2 2 2 2 2 2 2 2
left_child=2 -2 13 4 12 9 16 8 -6 10 -5 -9 15 17 -15 -4 -7 20 -19 -14 21 -1
right_child=1 -3 3 5 7 6 -8 11 -10 -11 -12 -13 19 14 -16 -17 -18 18 -20 -21 -22 -23
leaf_value=-0.031467867503729458 0.025294069344787781 -0.07455386411922936 -0.0060028225791474189 0.019389574264937436 0.014065323187810355 -0.019414475570563899 0.022982755667180058 0.030663954519558501 -0.011662198244145324 0.016062715467597133 0.036531490999057524 0.010316460072228703 -0.090588508697495365 -0.06082599393245789 -0.15042816040666807 -0.046118062664892101 -0.037194806411172808 -0.036647332619363503 -0.088569720991096876 -0.052228636894127871 -0.039324257542095863 -0.013017999786214913
leaf_weight=21.078861150890592 99.062753533944488 124.03136543417349 7.7693470655940491 169.68536506220698 116.20987083995715 20.412727674469352 145.39504530001432 45.574369961861521 132.69751884043217 341.47416930180043 138.05304673686624 101.54935369733721 3.7180384609382591 1.7434292901307338 0.98285662895068515 5.1435415889136493 39.468672385439277 5.134563061874359 2.5987587545532733 2.8684515869244933 10.616498948074875 5.6612243531271806
leaf_count=266 42 56 113 32 54 31 56 55 53 46 34 17 61 27 34 83 36 41 106 44 21 14
internal_value=0.00550917 -0.0302174 0.0115573 0.0134307 0.00423947 0.0179004 0.00719638 0.0063937 0.000349466 0.0212849 0.0270795 0.0166195 -0.0395128 -0.0382031 -0.0931286 -0.0219818 -0.0311337 -0.0348821 -0.0540957 -0.0738826 -0.0309046 -0.0275618
internal_weight=1540.93 223.094 1317.84 1270.02 415.53 854.489 205.276 396.031 248.907 649.213 307.738 147.124 19.4994 47.8162 2.72629 12.9129 59.8814 45.0899 7.73332 6.58649 37.3566 26.7401
internal_count=1322 98 1224 715 480 235 123 179 107 112 66 72 301 509 61 196 67 448 147 105 301 280
is_linear=0
shrinkage=0.05


end of trees

feature_importances:
num_tables=164
complexity_score=164
num_aggregate_funcs=110
query_depth=96
has_order_by=78
has_text_operations=58
has_numeric_heavy_ops=37
has_group_by=32
transactional_pattern=32
num_joins=28
has_limit=28
has_outer_joins=21
analytical_pattern=19
has_aggregates=7

parameters:
[boosting: gbdt]
[objective: regression]
[metric: rmse]
[tree_learner: serial]
[device_type: cpu]
[data_sample_strategy: bagging]
[data: ]
[valid: ]
[num_iterations: 500]
[learning_rate: 0.05]
[num_leaves: 63]
[num_threads: -1]
[seed: 42]
[deterministic: 0]
[force_col_wise: 0]
[force_row_wise: 0]
[histogram_pool_size: -1]
[max_depth: -1]
[min_data_in_leaf: 20]
[min_sum_hessian_in_leaf: 0.001]
[bagging_fraction: 0.8]
[pos_bagging_fraction: 1]
[neg_bagging_fraction: 1]
[bagging_freq: 5]
[bagging_seed: 400]
[bagging_by_query: 0]
[feature_fraction: 0.8]
[feature_fraction_bynode: 1]
[feature_fraction_seed: 30056]
[extra_trees: 0]
[extra_seed: 12879]
[early_stopping_round: 0]
[early_stopping_min_delta: 0]
[first_metric_only: 0]
[max_delta_step: 0]
[lambda_l1: 0]
[lambda_l2: 0]
[linear_lambda: 0]
[min_gain_to_split: 0]
[drop_rate: 0.1]
[max_drop: 50]
[skip_drop: 0.5]
[xgboost_dart_mode: 0]
[uniform_drop: 0]
[drop_seed: 17869]
[top_rate: 0.2]
[other_rate: 0.1]
[min_data_per_group: 100]
[max_cat_threshold: 32]
[cat_l2: 10]
[cat_smooth: 10]
[max_cat_to_onehot: 4]
[top_k: 20]
[monotone_constraints: ]
[monotone_constraints_method: basic]
[monotone_penalty: 0]
[feature_contri: ]
[forcedsplits_filename: ]
[refit_decay_rate: 0.9]
[cegb_tradeoff: 1]
[cegb_penalty_split: 0]
[cegb_penalty_feature_lazy: ]
[cegb_penalty_feature_coupled: ]
[path_smooth: 0]
[interaction_constraints: ]
[verbosity: 1]
[saved_feature_importance_type: 0]
[use_quantized_grad: 0]
[num_grad_quant_bins: 4]
[quant_train_renew_leaf: 0]
[stochastic_rounding: 1]
[linear_tree: 0]
[max_bin: 255]
[max_bin_by_feature: ]
[min_data_in_bin: 3]
[bin_construct_sample_cnt: 200000]
[data_random_seed: 175]
[is_enable_sparse: 1]
[enable_bundle: 1]
[use_missing: 1]
[zero_as_missing: 0]
[feature_pre_filter: 1]
[pre_partition: 0]
[two_round: 0]
[header: 0]
[label_column: ]
[weight_column: ]
[group_column: ]
[ignore_column: ]
[categorical_feature: ]
[forcedbins_filename: ]
[precise_float_parser: 0]
[parser_config_file: ]
[objective_seed: 16083]
[num_class: 1]
[is_unbalance: 0]
[scale_pos_weight: 1]
[sigmoid: 1]
[boost_from_average: 1]
[reg_sqrt: 0]
[alpha: 0.9]
[fair_c: 1]
[poisson_max_delta_step: 0.7]
[tweedie_variance_power: 1.5]
[lambdarank_truncation_level: 30]
[lambdarank_norm: 1]
[label_gain: ]
[lambdarank_position_bias_regularization: 0]
[eval_at: ]
[multi_error_top_k: 1]
[auc_mu_weights: ]
[num_machines: 1]
[local_listen_port: 12400]
[time_out: 120]
[machine_list_filename: ]
[machines: ]
[gpu_platform_id: -1]
[gpu_device_id: -1]
[gpu_use_dp: 0]
[num_gpu: 1]

end of parameters

pandas_categorical:null
