{
  "accuracy": 0.22727272727272727,
  "precision": 0.0,
  "recall": 0.0,
  "f1": 0.0,
  "mse": 107541.85424998052,
  "mae": 154.3959225797709,
  "confusion_matrix": [
    [
      5,
      0
    ],
    [
      17,
      0
    ]
  ],
  "threshold": -0.5,
  "pred_counts": {
    "postgres": 