{
  "accuracy": 0.7727272727272727,
  "precision": 0.7727272727272727,
  "recall": 1.0,
  "f1": 0.8717948717948718,
  "mse": 9.891533836428156,
  "mae": 2.7962305214439596,
  "confusion_matrix": [
    [
      0,
      5
    ],
    [
      0,
      17
    ]
  ],
  "threshold": 0.0
}