{
  "accuracy": 0.7727272727272727,
  "precision": 0.7727272727272727,
  "recall": 1.0,
  "f1": 0.8717948717948718,
  "mse": 34.26511693784925,
  "mae": 3.5364570358935024,
  "confusion_matrix": [
    [
      0,
      5
    ],
    [
      0,
      17
    ]
  ],
  "threshold": 0.0
}