{
  "accuracy": 0.7727272727272727,
  "precision": 0.7727272727272727,
  "recall": 1.0,
  "f1": 0.8717948717948718,
  "mse": 674562.3479105694,
  "mae": 360.3554755667921,
  "confusion_matrix": [
    [
      0,
      5
    ],
    [
      0,
      17
    ]
  ],
  "threshold": 0.0
}