{
  "accuracy": 0.8636363636363636,
  "precision": 0.8636363636363636,
  "recall": 1.0,
  "f1": 0.926829268292683,
  "mse": 26300393055.877712,
  "mae": 34578.006901275345,
  "confusion_matrix": [
    [
      0,
      3
    ],
    [
      0,
      19
    ]
  ],
  "threshold": 0.0
}