{
  "accuracy": 0.7,
  "precision": 0.7,
  "recall": 1.0,
  "f1": 0.8235294117647058,
  "mse": 9.28554339255244e+219,
  "mae": 5.641665471649924e+109,
  "confusion_matrix": [
    [
      0,
      3
    ],
    [
      0,
      7
    ]
  ],
  "threshold": 0.0
}