{
  "accuracy": 0.22727272727272727,
  "precision": 0.0,
  "recall": 0.0,
  "f1": 0.0,
  "mse": 1.7701036300800497e+109,
  "mae": 1.8529536929868504e+54,
  "confusion_matrix": [
    [
      5,
      0
    ],
    [
      17,
      0
    ]
  ],
  "threshold": 0.0
}