{
  "accuracy": 0.22727272727272727,
  "precision": 0.0,
  "recall": 0.0,
  "f1": 0.0,
  "mse": 10.633490914458438,
  "mae": 2.8873624580768076,
  "confusion_matrix": [
    [
      5,
      0
    ],
    [
      17,
      0
    ]
  ],
  "threshold": 0.0
}