{
  "accuracy": 0.22727272727272727,
  "precision": 0.0,
  "recall": 0.0,
  "f1": 0.0,
  "mse": 107707.26971109434,
  "mae": 154.51341863971808,
  "confusion_matrix": [
    [
      5,
      0
    ],
    [
      17,
      0
    ]
  ],
  "threshold": -0.5
}